Sample,var001,var002,var003,var004,var005,var006,var007,var008,var009,var010,var011,var012,var013,var014,var015,var016,var017,var018,var019,var020,var021,var022,var023,var024,var025,var026,var027,var028,var029,var030,var031,var032,var033,var034,var035,var036,var037,var038,var039,var040,var041,var042,var043,var044,var045,var046,var047,var048,var049,var050,var051,var052,var053,var054,var055,var056,var057,var058,var059,var060,var061,var062,var063,var064,var065,var066,var067,var068,var069,var070,var071,var072,var073,var074,var075,var076,var077,var078,var079,var080,var081,var082,var083,var084,var085,var086,var087,var088,var089,var090,var091,var092,var093,var094,var095,var096,var097,var098,var099,var100,var101,var102,var103,var104,var105,var106,var107,var108,var109,var110,var111,var112,var113,var114,var115,var116,var117,var118,var119,var120,var121,var122,var123,var124,var125,var126,var127,var128,var129,var130,var131,var132,var133,var134,var135,var136,var137,var138,var139,var140,var141,var142,var143,var144,var145,var146,var147,var148,var149,var150,var151,var152,var153,var154,var155,var156,var157,var158,var159,var160,var161,var162,var163,var164,var165,var166,var167,var168,var169,var170,var171,var172,var173,var174,var175,var176,var177,var178,var179,var180,var181,var182,var183,var184,var185,var186,var187,var188,var189,var190,var191
s01,1.982539165,2.635160461,1.6864654,1.364554886,2.69486328,1.705076915,2.227857338,3.539003503,2.925757253,2.417165669,2.009292454,1.405456896,1.833996183,-0.183112478,1.72583041,-0.014552318,-0.576084893,0.917864369,-1.125691934,-1.614831121,-1.17618474,0.606253785,-1.419405103,-0.85305213,-2.131039374,-1.275215965,0.083775719,-0.310262252,-0.728097777,-0.293117844,-0.234079419,-0.379760189,-0.238512869,-0.765317737,-0.191947198,-0.776396031,-0.607872086,-0.206271368,0.09713424,-0.439465962,-0.607136158,-0.433064465,-0.447476822,98346.4978,39317.16984,18062.44655,744031.8044,1573837.139,42834.25628,1347.431004,60592.64831,579819.4826,153941.9966,1987041.843,17286.28561,83892.55509,1329094.601,258576.0721,1585336.987,5715.361554,16200.63005,415433.1366,206833.5271,55050.12833,0.042608798,19.03816538,0.400666286,12.22857104,1.885501594,3.731053194,0.130478403,0.03439459,0.054072906,0.034106968,0.352676468,6.822338026,0.035459017,0.002606714,0.062357321,0.047867522,5.984235152,0.006395623,0.03655968,2.917946886,5.628081458,50.11694653,3.915326902,36.99464094,25.31392164,134.6111707,1.556031916,460.5410266,126.1764916,341.367274,4.349053233,158.9319995,30.43217816,180.0177444,17.28552848,0.142027226,57.74603312,11.16465794,1.551114194,26.14011966,0.125206091,0.282193264,0.033221455,0.449362702,0.168034569,1.104714733,0.659433091,0.088096079,0.026864333,0.097044063,0.251173135,0.00919484,0.162796228,3.973932855,0.071348335,0.842614233,28.44420359,1.563426689,94.28917298,581.1263838,0.073840409,2.046343387,5.046029549,0.712637203,0.131312969,3.129108057,6.976494351,2.828700872,0.458460746,0.045530627,0.385658416,0.919416101,1.062831944,0.248648083,0.0851,0.1003,0.0840,0.6491,1.0639,1.0682,3.2783,8.0093,8.1527,2.4598,0.4999,3.9788,20.4028,38.3771,38.2188,9.4388,2.4976,5.2500,10.8122,17.3634,9.2307,3.3160,0.1108,0.7752,1.3124,3.9067,8.0119,13.3748,7.3316,0.0777,0.2448,0.5251,1.3736,2.2333,1.9641,0.060530535,0.037639337,0.015074273,1.658379421,1.332705096,1.539649354,2.232956047,0.581985025,4.28281684,1.341383702,1.226773227,3.178395488,0.684779138,0.071303267,0.11793018,0.056685582,0.267804361,1.407304036
s02,0.468407752,0.177159003,0.391552845,0.116888007,-2.142971952,0.130908668,-0.889045321,-0.915662562,-0.077574307,-1.302249777,-0.656917354,-0.762171477,-1.05726227,-0.036583759,-2.068132577,-0.646175374,-0.255571072,0.610019562,-0.825186252,-0.707740661,-1.066030561,0.134297931,-2.23762009,-1.792451636,-2.608420896,-1.235375425,1.446916434,0.964332554,-0.301041252,0.195841794,0.292065198,0.057384382,0.245178575,-0.107389981,-0.125782852,-0.360527284,0.071530669,-0.094036321,-0.005817456,-0.360227307,-0.468218027,-0.451739176,-0.465970258,94621.20443,42234.05849,15885.07802,682720.6859,1693038.746,46062.26542,1011.286236,56636.96717,530321.5646,162547.8256,1863583.261,22643.00231,65664.58463,1175620.11,240379.5258,1639060.739,4299.47841,13659.77114,355793.7672,204762.1322,49187.94828,0.053075794,21.95750186,0.470348338,14.74699171,2.226157495,3.661095408,0.154075668,0.046121682,0.075161606,0.040974654,0.237304701,5.552599999,0.038654273,0.004968898,0.071137268,0.040226975,5.028083646,0.005925176,0.044286471,5.540900022,10.4497894,106.0321436,7.17091554,79.64132121,42.62203503,262.4958989,2.389492352,957.221902,231.9558856,730.8284194,7.293283086,317.7060519,64.89270672,329.3059189,21.28519244,0.167498218,70.83267997,15.29989309,1.40992516,21.79240912,0.099778743,0.249715226,0.021633455,0.369425811,0.142750332,0.948986767,0.660893839,0.064823018,0.034261955,0.073117796,0.199433264,0.010383121,0.1530397,4.090340182,0.072227144,0.924782142,19.35753742,1.143264433,207.0520121,1081.826858,0.047919487,1.101793657,4.297782505,0.832487269,0.104259331,1.867433765,6.051424612,3.088723973,0.387054406,0.069997744,0.210992393,0.639407271,1.340770644,0.18494972,0.1289,0.1032,0.1008,0.5202,1.2060,0.9134,3.8942,6.7154,6.8197,2.1439,0.5235,4.8562,26.1158,37.8848,24.4825,9.0570,2.4896,7.3926,10.7480,13.5039,10.2969,3.2538,0.1048,0.6429,1.1236,2.7760,5.8819,9.4887,6.6313,0.0628,0.1922,0.2904,0.8315,1.7466,1.7828,0.036805486,0.028571121,0.008848509,1.018623619,0.664400443,0.861163262,1.872589556,0.469313049,3.157964062,0.755102371,0.834054772,2.90885632,0.573520737,0.057834499,0.106332946,0.054243917,0.200145994,0.96555681
s03,1.165658634,1.315746507,1.011332738,0.510513889,1.129151933,0.631855944,-1.017871543,-0.188669989,-0.232411766,-1.170394281,-0.59545889,-0.560230136,-0.605622159,-1.040005441,-1.415819926,0.018872221,-0.063261988,1.37587068,-0.390379495,-0.228069061,-0.764276005,0.899725921,-0.562417651,0.600117939,-0.627603855,-0.889004048,1.106883509,0.656233623,-0.045855916,0.231224301,0.198192049,-0.411410054,-0.544754199,-0.035856161,-0.09123207,-1.75448485,-1.100057281,-0.541528808,-0.178575866,-0.395240239,-0.313100035,-0.771728798,-0.507321664,129106.3682,64527.6291,28175.71526,1028043.96,2358210.302,81443.41262,2057.121298,93051.33341,893148.7809,276112.6994,2186743.546,32594.26443,66495.39986,1279881.555,270509.2078,1881305.341,6109.149451,17755.16372,407954.591,248567.8062,67397.65637,0.089195636,24.81008917,0.849872465,14.30820511,2.861016862,5.19361643,0.260177538,0.060091472,0.104761012,0.05044219,0.179753977,5.701683245,0.046008338,0.003380099,0.086387468,0.037217873,5.529590581,0.005491282,0.036756282,3.248420404,8.125134844,87.88842657,5.011558021,79.38295577,35.80721221,204.791031,1.979041455,475.1892433,127.6107258,501.2254585,6.563569117,217.5997843,45.96409308,232.1342272,30.60557185,0.843387795,87.28892613,21.46906857,2.964949029,37.83151794,0.08783293,0.241605382,0.019497178,0.385654991,0.137149646,0.819352264,0.573995303,0.062623788,0.031220863,0.058800488,0.1739942,0.013244546,0.149967541,2.92826392,0.076949672,0.976572859,18.90455244,0.969278034,169.5357923,931.1534259,0.071788067,1.479134115,4.998971428,1.186061667,0.171237663,2.817416635,8.780921946,5.66245554,0.933417608,0.281593266,0.365048955,0.970273475,1.182630476,0.335393095,0.0811,0.1415,0.0900,0.5143,0.9615,0.6349,3.1147,4.9231,5.2314,1.8898,0.5258,3.5426,13.7424,20.4540,23.4816,7.9094,3.2615,9.2848,12.8902,20.5579,7.6275,2.1678,0.2083,1.1350,1.6233,3.2250,8.6142,13.9663,8.4037,0.1277,0.2905,0.4589,2.2499,4.4995,5.0909,0.047961469,0.024328469,0.017205094,0.835220358,0.794561322,0.874784288,2.020080394,0.495836264,2.655804708,0.819432154,0.948955627,3.911989329,0.626086347,0.052017511,0.097441034,0.045291176,0.239721708,1.223715522
s04,1.515070767,1.321509835,1.239064356,1.325143393,0.655912828,1.063431935,0.007048917,0.965373427,1.074597187,0.008921119,1.390340568,0.798068798,0.457796126,-0.303598715,-0.547632215,-1.304753382,-1.147590978,0.621640192,-1.559471182,-1.99806574,-1.225992333,-0.208166634,-2.176099767,-0.938416916,-2.515034044,-1.433223123,0.683053044,0.342823366,-3.255679653,-2.054372042,0.097677508,0.840142871,-0.291275077,0.823416949,0.644975476,0.166737589,-0.612080642,0.244893798,0.289734527,0.529206911,-0.241775072,0.374179098,0.548377929,126463.8566,38090.33513,27661.44862,748369.0914,1712944.506,36472.81279,1823.803584,73992.56359,600379.7346,164873.9103,2225468.19,24613.06247,102957.0856,1605487.022,306988.3078,1851566.544,7144.334339,18058.17246,475656.545,233876.8252,64884.8478,0.045825938,21.83422142,0.413442463,15.95597703,2.164484144,2.781185617,0.103042534,0.050046933,0.094049804,0.042780792,0.254431542,5.4781061,0.036300559,0.002184868,0.078972811,0.031629324,5.611537789,0.004578775,0.03523325,2.161521363,4.741788096,46.10434675,3.636206471,43.17140035,18.18325512,100.2173376,1.507038775,417.7207953,110.2211657,318.3072364,4.547913065,180.4833292,29.5427266,140.7017782,21.37705689,0.207804419,54.63604003,13.947478,1.170327087,24.93122439,0.074432226,0.181824395,0.021239646,0.253476794,0.110957905,0.80528348,0.607065544,0.055731207,0.021026586,0.063047599,0.178825478,0.00886007,0.111422214,2.656023059,0.056716106,0.720939955,15.6764054,0.918328968,132.5521219,798.7034898,0.349547473,7.65439003,12.17497346,5.02709458,0.706285166,12.71048517,30.82776567,16.1750077,2.742715621,0.261027859,0.601981305,5.645693286,7.805955329,1.356429542,0.1383,0.1379,0.1149,0.6091,1.1175,0.9547,5.6306,8.6296,8.0014,3.7510,0.7536,6.5411,37.1413,48.0333,37.0089,14.9277,4.5183,12.4341,18.1546,25.0303,15.0833,6.0795,0.3114,1.5092,2.5812,6.5992,14.1538,19.6944,11.2750,0.1798,0.3775,0.9380,2.7192,4.0610,3.8752,0.092999728,0.026427687,0.013928065,1.452722496,1.870017818,1.93176396,1.791731344,0.464147012,3.847534201,1.163431281,1.275559448,3.503817232,0.585319965,0.061419986,0.093422523,0.051043397,0.322972851,1.511720472
s05,0.958559898,0.848964586,0.832424813,0.331341954,-0.726230545,-0.022137239,-0.103733472,-0.05153792,-0.081096971,-0.482421564,-0.626702872,-1.138945059,-1.299830012,-0.552211871,-0.48666949,0.754477252,0.252223619,1.160241417,0.156241109,-0.42733716,-0.104734312,0.378204697,-0.128946612,0.745551655,-0.570635979,-0.113934196,0.386310002,-0.63448825,0.901034871,0.798418308,0.107964876,0.02020572,-0.42589055,-0.125032843,-0.270053907,0.192780058,0.645174995,0.335607043,0.263061605,-0.283538098,0.256405356,0.092489717,0.077338367,100486.1087,37641.23646,20576.45856,657751.5024,1717482.909,47509.84876,1578.373625,58782.25985,706639.2412,161525.1525,1884440.715,22264.6054,54290.17452,1369747.913,223489.7143,1774516.588,4989.074723,13619.13823,500303.2447,237168.6966,60682.04474,0.054708179,21.78233087,0.513809715,14.70539491,2.25065846,4.428319758,0.190997966,0.02873082,0.054471111,0.035677545,0.180412584,6.110880085,0.044379438,0.002860032,0.053144404,0.044188044,6.529728025,0.009360897,0.042376328,2.467327824,4.957796143,48.41741047,3.849807163,37.53201102,21.02997245,103.0892562,1.404187328,468.9386226,105.0298623,327.929146,3.628650138,154.8568595,32.42644628,160.5339945,24.45148547,0.361945519,58.46391244,15.71319233,1.784791375,38.71969385,0.113122438,0.248855443,0.023582762,0.309235838,0.129432235,0.988790413,0.587502855,0.068334113,0.021233838,0.061411312,0.189236273,0.010948596,0.129336538,2.953436932,0.056837435,0.95197538,28.00436178,1.484651469,111.5195739,495.9039346,0.137334447,2.369553844,6.485429497,1.223068663,0.196745386,3.551054124,7.321487247,5.693877176,0.827274146,0.126540802,0.531798115,1.003405138,1.793562362,0.369067396,0.1473,0.1622,0.0904,0.9094,1.2597,0.9288,3.6021,6.7946,5.2754,1.9708,0.4887,2.5498,15.0935,24.3401,20.7958,6.8667,3.3994,8.3593,12.4622,14.1812,4.7435,1.5398,0.0879,0.6719,0.8753,1.7131,4.5208,5.8484,3.6193,0.0542,0.0712,0.1596,0.6683,1.0268,0.9653,0.038014015,0.027087064,0.012932996,1.160963338,1.1080975,1.066085023,1.59540572,0.423760735,3.746943915,1.521811655,1.230886012,3.677143893,0.724482203,0.07111649,0.172443587,0.062648034,0.218457253,1.255201136
s06,0.627972697,0.545608751,0.509398449,0.713119482,-0.245379537,0.363689853,-0.029437549,-0.064408844,-0.637794481,-0.511712629,-0.331614631,-2.29920128,-0.817424989,-1.967927409,-0.836380952,0.394723444,0.705652229,1.175850269,0.441617777,0.464694453,0.757801026,1.216479389,0.537460697,1.573465864,1.24210503,0.910099187,1.034276568,0.665021611,0.971465229,1.580479955,0.116831464,0.410906063,-1.489854679,-0.636045694,-1.264532229,-0.178479538,1.146029631,0.656191969,0.04366937,0.882608841,0.582461499,0.848154399,0.218007926,157145.4132,39883.29022,36754.02207,616551.3583,1634784.127,34667.42402,3336.809156,88431.13595,828039.2812,200513.5387,2095466.632,21420.01892,67631.15819,1638921.376,331380.1565,1420116.557,8528.511888,26529.56587,389766.4387,204919.7632,54193.42442,0.073806695,23.3509504,0.458835759,20.85197929,2.99706394,2.896393568,0.147373669,0.0642942,0.138103017,0.071710722,0.159018202,4.939558318,0.037736009,0.004883533,0.115823752,0.044130001,4.058691502,0.008415716,0.028488693,4.504070969,8.128934257,66.00449629,5.782233564,57.56130757,31.2787702,134.090898,1.384736906,453.9128691,148.7898894,350.6227974,5.192246932,143.8083607,29.69668246,170.9512699,38.02694586,0.598003409,94.8849931,30.34526418,2.212401591,24.22749777,0.126965506,0.206243371,0.026713055,0.308963045,0.126509398,1.03320039,0.688847639,0.053286096,0.028876915,0.041955535,0.123426959,0.014499979,0.14295685,3.12898935,0.082988247,0.844653995,34.20558396,1.762681601,163.1265028,935.0455576,0.170170215,2.722431324,7.01785293,2.156339531,0.396887815,5.532228526,17.74845233,8.460288748,1.764822201,0.286826583,0.428155722,4.015695747,6.323611033,1.099994382,0.0763,0.1772,0.0596,0.4006,0.9521,0.8579,1.8509,4.2414,5.1380,2.2297,0.3186,2.1002,11.1969,22.7218,26.5224,8.2610,2.0641,5.5569,11.2951,17.2496,7.1611,2.7196,0.0808,0.5212,0.9413,3.0707,7.3724,12.4936,6.8882,0.0768,0.1637,0.4408,1.7271,3.7035,3.6109,0.066112448,0.014832829,0.026931933,1.315266603,1.104407592,1.020248536,1.564834697,0.585945607,4.460452976,1.434012596,1.138833553,3.43409021,0.962383256,0.10237239,0.169108622,0.055246538,0.338858275,1.891981936
s07,1.42177129,1.629992327,1.296210079,0.943622931,0.928179937,0.770591539,-0.32285449,1.529013702,1.552368822,0.720037537,0.549983056,0.471376606,0.238157224,0.971517391,-0.219584866,0.915235173,0.266915965,1.078674523,0.127562571,-0.485746058,0.043660211,1.034647007,0.761840968,1.179381654,0.282280907,0.414261984,0.065307591,-0.589525836,0.492371843,0.50817569,-0.097195329,-0.504606637,0.383598702,-0.492739006,-0.146145618,0.073281527,-0.107961027,-0.139721964,-0.249728371,-0.485296518,-0.404853207,-0.502906134,-0.534958766,115833.183,37145.63182,29092.74694,619406.0104,1743739.246,38662.05124,2082.98242,64559.55232,645442.5525,139832.3193,1859413.552,23458.18609,76823.2084,1351912.85,256043.2109,1682117.078,6191.880127,15462.94607,452998.3815,211951.1804,51266.24854,0.088308244,32.34449954,0.726976946,22.52354953,2.936610695,3.80164908,0.200225077,0.062526881,0.124135626,0.06120316,0.26117419,6.524875483,0.051569412,0.004098187,0.099406108,0.036215138,6.631225556,0.006796885,0.03036536,4.704781282,10.79918616,69.89298067,5.994710071,70.48463886,28.0138352,187.412411,1.596134283,753.1641913,157.8415056,670.7375381,6.697049847,297.970295,60.77761953,234.787589,44.26831465,0.610588471,145.4067254,30.29083267,2.027522018,39.17203763,0.114715812,0.24071891,0.025567428,0.347037784,0.135061896,0.969387278,0.589078186,0.069738264,0.023925034,0.063908543,0.211135748,0.020078666,0.136731033,3.060601469,0.062397629,1.116790533,31.0692554,1.431144916,92.68445283,506.8476913,0.371162199,6.958851467,12.02911925,3.419306388,0.632410051,9.381405356,28.33687401,15.23491604,2.972923968,0.565430361,0.782471618,3.841982058,9.058942127,1.330460198,0.0359,0.0790,0.1651,0.3574,0.6283,0.8993,4.5572,5.6192,4.6582,1.7557,0.5046,11.4516,28.5725,34.1024,25.9947,9.5402,2.0684,8.2055,10.8879,14.0256,9.1313,3.3343,0.1090,0.6420,1.5320,4.2771,7.7469,12.1199,9.5885,0.0705,0.2420,0.6942,1.3366,2.4036,2.8394,0.0428582,0.014406548,0.011512147,1.199551467,1.391706131,1.423254252,1.462443933,0.410561007,3.406146832,1.133105462,1.557133831,3.558878441,0.622393047,0.056968762,0.167602058,0.052770884,0.269224858,1.426268186
s08,1.625216249,2.005268003,1.115236233,1.340450108,0.889722576,0.698168402,-0.39334095,1.37144095,0.226907991,0.465592138,0.236944143,-1.142529105,0.403285761,-0.593892678,-1.240024897,-1.679100959,-2.211875542,0.974678361,-2.009575421,-1.514604916,-2.142370446,0.179778792,-1.362096051,0.06727089,-1.385993116,-1.996381579,0.274867882,-0.118426994,0.353106142,0.689650173,-0.073172846,0.193207818,0.728272947,0.94553253,0.063598294,-0.277820496,0.225335906,0.295044195,-0.675633144,-0.688056763,-0.192435937,0.015704692,-0.074390191,113555.5631,47698.30716,24813.76069,847720.2958,1907644.718,77017.65434,1384.341627,71558.82294,805889.2436,237874.0785,1620080.331,36266.39584,41572.9276,981518.5786,206446.9536,1539143,5547.831018,14796.35341,382344.929,219699.7407,52743.17491,0.079542586,27.74221253,0.852784479,16.89888966,3.105742228,5.207591575,0.269952726,0.058086257,0.12007904,0.054229757,0.151942917,5.269236454,0.067763889,0.003990659,0.11056058,0.033892177,6.184434384,0.008577074,0.036807291,3.974555368,10.9887057,101.8513566,6.082695054,62.21420226,41.03323381,176.8988706,3.14163313,563.2887187,149.215111,591.3167597,5.129819551,259.994937,45.69479424,188.930936,41.55840032,0.934802024,94.35179121,26.77810856,3.160861367,48.34405081,0.196663309,0.437453528,0.034995009,0.557980522,0.239264445,1.323809567,0.898550856,0.11562451,0.02620419,0.070451615,0.254706363,0.025294638,0.192345211,3.192947789,0.097367529,0.934791951,44.54678972,2.258807185,105.4689712,637.5294093,0.156461772,4.642664705,9.147432302,2.303268815,0.489310836,8.532297366,17.70938348,13.01572342,2.511167303,0.57097145,0.69672199,2.97739874,3.746236955,1.079885982,0.1107,0.2443,0.1089,0.5774,0.8584,1.0253,2.4735,6.9452,5.4509,3.3907,0.4075,2.6125,16.3045,43.6279,26.3515,14.7884,2.5405,7.5044,19.2379,14.5714,5.6912,2.7308,0.0520,0.5830,0.9890,2.7759,4.8493,8.2662,7.7805,0.0696,0.1001,0.3220,0.9625,1.6722,2.8710,0.058584579,0.024584191,0.020726191,1.193005615,1.753742718,1.469401764,2.036239154,0.644814052,4.960687822,1.91729588,1.529711178,5.506063326,1.102237007,0.098326205,0.200774416,0.071837654,0.440318919,2.218420543
s09,1.608657323,1.916909828,1.43180842,1.844001249,0.394039624,1.296526427,0.361021797,1.053436806,0.606846496,0.136820759,1.221575717,1.100853928,0.893688345,-0.324083099,-1.404699098,-0.500986706,-0.432198112,1.036618032,-0.496639252,-0.16620091,-0.976386265,0.328011786,-1.253426836,-0.403841942,-1.460557877,-0.904290083,1.730880074,1.117591448,-0.522707501,0.078935266,0.210090804,0.293221541,0.35442573,-0.17509519,-0.110943281,-0.442347467,-0.051953932,-0.04780059,0.061472484,-0.294380755,-0.535041988,-0.304825939,-0.2300428,94656.42116,34218.87679,17031.31125,718082.9694,1734877.827,37516.19212,1166.658083,49928.89857,535493.6257,137358.4703,1750194.145,18919.54868,52867.605,1112587.305,207501.0236,1548351.697,4535.025753,12098.67642,426861.7524,209729.5616,47310.40946,0.060019965,29.78071548,0.559532837,15.9592324,2.573457987,5.019696301,0.188833004,0.062208443,0.074900175,0.040906779,0.246021386,7.024447601,0.042953677,0.00536801,0.071723042,0.036287458,7.685591081,0.006836594,0.038999059,3.263979849,4.375314861,71.28828715,3.57581864,45.46738035,20.07884131,162.5316121,1.831360202,545.6107053,128.1764484,441.0130982,4.379219144,228.4972292,38.89471033,189.4691436,34.15813552,0.460164005,84.63236944,18.4093224,1.809408718,44.78023306,0.128373903,0.295610086,0.020452189,0.320542416,0.14517623,1.313132307,0.63152224,0.084361982,0.043692768,0.066357432,0.232873721,0.021179282,0.167200188,3.534790079,0.060699065,1.068133171,35.42296073,1.316098403,244.0349536,1165.92752,0.074248059,1.314310984,4.500801056,0.997846937,0.135316761,1.176638177,6.882842913,4.356640061,0.691749491,0.071841268,0.419223882,0.908367949,1.489144067,0.20472949,0.1053,0.1951,0.1061,0.6285,1.1032,1.1805,2.9884,8.0423,8.0596,3.5000,0.3335,1.9477,19.9728,43.4748,45.6114,15.3337,2.1619,5.3880,10.7486,20.9328,13.0933,4.7043,0.1139,0.5910,0.8165,2.8506,8.8930,15.8655,10.9969,0.0812,0.1070,0.3118,1.2733,2.2702,2.5957,0.066557088,0.029235167,0.009176913,1.180993429,0.982763334,0.935832487,2.569478242,0.288190167,4.375787665,1.41020362,1.737069126,6.147171493,0.726440917,0.095508747,0.176075899,0.102431089,0.321127825,1.573177358
s10,0.751656703,1.032837922,0.88733234,0.605642653,-0.144319221,0.591256469,-1.010733973,0.88332839,0.691756877,-0.698734726,-0.240567385,0.468098974,0.068088335,0.252829276,-0.936490826,-0.626766093,0.491328076,0.964319311,0.400177798,-0.132046235,2.346966809,2.486642262,2.433593947,3.168954634,2.989008316,2.043882229,0.643657718,0.611719492,0.048592412,-0.300855998,0.642811107,0.427769656,0.526977144,0.758180619,0.852230459,-0.158331703,-0.069963606,0.401157339,0.701660943,0.053711708,-0.064644014,0.181168697,0.505660059,126590.4249,41140.44677,25962.43911,840341.3753,1814979.939,57633.77178,1812.848373,66570.88128,662906.8746,190815.2115,1805151.07,24535.30441,50506.55408,1255540.182,257562.4815,1601915.027,5670.872122,14128.36739,417729.6871,233610.5077,60315.73247,0.074385741,26.39792976,0.76327634,15.66942112,3.01461694,5.145929849,0.236435761,0.039916927,0.081789811,0.051338403,0.184053448,6.868383807,0.046808931,0.003602039,0.08244253,0.035525911,6.399527493,0.012173091,0.040974023,3.743149922,4.441300958,49.40220539,3.143239029,38.09100022,23.89852974,137.6973714,1.899086656,385.903542,105.8896191,364.2237692,3.608264647,190.6733125,29.62853642,152.3422811,52.71634039,0.772672793,130.6237848,35.14089759,2.507524304,72.71341057,0.181225001,0.287780757,0.022660542,0.35529647,0.179923959,1.159535845,0.732115072,0.083350182,0.021702343,0.066605863,0.188796097,0.026295547,0.129009714,2.721359501,0.06873544,0.938297218,72.38686909,2.568650952,130.3411761,910.7603637,0.135929105,2.464627132,9.01215148,1.532262727,0.256427126,4.552588295,15.50094201,8.519592891,1.999960126,0.323723796,0.545470857,2.079557802,3.052234417,0.799814588,0.0881,0.1138,0.0926,0.3462,0.6152,0.9067,3.6974,5.5345,5.2270,2.8189,0.4570,4.5541,28.6115,36.2847,31.4818,13.5869,2.4555,8.5389,11.5463,16.7924,9.6297,3.5722,0.1053,0.7512,1.3905,3.4118,6.6608,11.8296,8.7463,0.0680,0.1927,0.3467,1.1547,2.4239,2.8380,0.118497336,0.017933241,0.01555457,1.271269159,1.486479231,1.224530884,1.923528337,0.540409445,5.140475809,2.065148742,1.901296338,5.750787609,0.94677444,0.122840834,0.210818106,0.059727758,0.452532837,2.353948482
s11,0.977148849,0.436095806,0.795163775,0.741413377,0.578766365,0.639758242,-0.705483831,-0.347177541,-0.444566585,-0.325743175,-0.400777787,-0.225528966,-1.115999887,0.12637606,-0.940175391,-2.732384255,-2.111632287,0.442280191,-2.130878099,-2.386887019,-1.437967915,-0.534369679,-2.245803947,-0.817424241,-1.803366219,-1.706165552,1.343796033,1.521560531,0.19167797,0.295528325,-0.356646252,-0.258101883,-0.281612453,-0.020997082,-0.477560005,0.338482366,0.204720549,0.307624696,-0.638798475,-0.30154565,-0.14729329,-0.122770265,-0.112341206,125997.037,33430.50431,26055.87539,707334.3555,1587253.452,37879.73923,1493.281276,65215.71786,542771.3678,144721.9049,1623333.476,19117.7562,67396.83715,1123485.615,200271.6135,1511382.579,7008.012007,13002.52885,434631.1575,196911.0898,59700.09992,0.058675643,30.88419015,0.5011253,16.85152445,2.295005836,3.968885584,0.13916782,0.126518662,0.12996597,0.042596414,0.242626455,6.172124083,0.031158739,0.006136208,0.108762564,0.029440009,6.895083646,0.012013868,0.051005383,3.505073281,4.856308291,44.6983704,4.680844522,39.578354,16.28523112,109.7124116,1.247002152,377.1580404,79.96310341,335.0933689,4.864917495,171.648355,27.91636774,117.3919237,27.22566444,0.457932496,81.17063427,16.33401272,1.478884722,31.2772705,0.159728549,0.31956298,0.032806059,0.3248152,0.16652467,1.151937633,0.666039585,0.081676574,0.038385773,0.063553583,0.196545797,0.021257578,0.145131663,2.60265098,0.058468804,0.806571554,28.44032284,1.495923692,194.5884196,1419.678459,0.406326841,6.305527695,12.91316973,3.65808205,1.107819982,15.15503268,20.80619095,18.12168371,3.228411738,0.417877249,0.326315193,9.5788469,8.948427592,2.011477611,0.0568,0.0619,0.1184,0.4407,0.6344,0.8477,5.5602,6.1088,4.4051,1.7885,0.5847,3.9465,22.0109,30.7126,24.1314,8.9510,4.1517,11.5200,19.1182,23.7563,11.2963,3.7565,0.1972,1.3672,2.0814,5.0214,10.7043,18.2094,10.2695,0.1596,0.3997,0.9537,2.6667,5.5701,5.9312,0.106128278,0.024982583,0.024430434,1.234556445,1.803553412,2.375129003,2.121102795,0.389088838,4.274710122,1.479632633,2.048363644,5.528635151,0.65790166,0.080067414,0.147218585,0.056437742,0.476938376,1.843030634
s13,1.368915269,1.316288043,1.006744915,0.702646433,0.774712543,0.899829166,-0.361805277,0.699977116,0.877039687,0.581678808,-0.528793323,-0.39434427,-0.099284483,-1.060468585,-0.874851432,1.345259029,0.720430843,1.416896725,0.395547291,0.202746686,0.166576338,1.632643076,0.159475085,1.029124382,-0.395208855,0.12420989,0.37082332,0.027273582,0.422931839,0.192217199,-0.276771388,0.01384803,-0.260091279,-0.19025096,0.049343218,0.717237251,0.57962924,0.473254346,0.46423716,0.191655177,0.267959148,0.210137261,0.269125838,119154.1003,53518.22382,25146.25426,799521.74,2066763.748,85632.2469,1633.10502,74846.29934,870009.4444,269877.0648,1820044.379,27346.28549,52427.84546,1386332.022,281748.8913,1846460.502,5761.560947,17638.85972,455183.3189,268987.8225,61279.28805,0.071799275,21.78565918,0.745431361,13.59100293,2.760164045,4.748965301,0.252091708,0.03277918,0.064701648,0.040927868,0.167223596,5.814868727,0.041268966,0.005136311,0.061693237,0.039059758,5.909107135,0.008291473,0.05191045,3.263813518,9.013813518,84.47804637,3.231376418,40.69301924,31.05229403,148.1716823,1.99975333,442.0333004,143.8870252,380.2201529,3.714109521,175.5788111,32.95263937,183.6196349,22.99971125,0.458817585,53.02829712,17.22926442,2.066050675,25.17100989,0.195566511,0.295082032,0.02737713,0.555560403,0.183745064,0.906410076,0.666296482,0.069941081,0.023002342,0.057663514,0.231798323,0.025348387,0.109688985,2.683799601,0.062155307,0.816032825,40.0970187,1.337183282,111.068534,684.7392782,0.055441478,2.061551864,4.771675689,1.063742144,0.146027005,4.146736357,11.48096571,5.303602763,0.882795097,0.166374214,0.820708108,1.092116234,1.227789185,0.303328978,0.0531,0.1638,0.0736,0.2778,0.7905,0.8726,2.2670,4.4361,5.0834,2.0344,0.2615,3.1385,16.0874,24.1252,21.9565,8.7546,1.1500,6.1192,8.6615,11.3092,4.9874,2.1881,0.0673,0.3086,0.7714,1.8151,4.5091,6.7182,4.6416,0.0378,0.0868,0.1903,0.7654,1.4511,1.4996,0.048285766,0.017967027,0.009821843,0.752702867,0.693868541,0.587162653,1.177614136,0.375241516,3.377945003,1.208882815,1.208247868,3.912039942,0.798619981,0.063965991,0.146672851,0.042878792,0.290550445,1.354754541
s15,0.762507927,0.507553232,0.866076365,0.590912062,1.198007618,0.878277757,0.554229067,-0.070494648,0.170244532,-0.769621067,0.06170838,-0.151314449,-0.214461512,-0.145554321,-0.898822504,0.672240279,1.119238167,1.606588492,1.04025714,0.436758286,1.464705504,1.687671667,0.702925361,2.357205445,1.446272845,0.861778832,0.490993783,-0.058274249,-0.27777635,-0.491405905,-0.036952255,0.190640793,0.391440529,0.147000645,-0.176544255,-0.045762979,-0.108769517,0.127560888,-0.226641638,0.741753598,0.204520201,0.393722888,0.087424737,131706.6125,54754.67659,26121.87594,948852.6302,2341506.016,76751.5051,1296.522135,71408.09348,813292.4415,240049.8411,2052596.044,31935.71244,65681.2782,1166964.664,260021.1433,1971840.22,6035.754036,13995.57673,460931.4461,245043.5563,54042.39181,0.075966567,22.75654655,0.639709744,12.84165924,2.28739143,4.194774943,0.211841635,0.055008107,0.07845768,0.039439129,0.156188388,4.420486119,0.04087404,0.00478621,0.06260895,0.033202783,4.721943106,0.009538164,0.037225863,3.114735908,7.133821571,68.05503773,4.511318242,50.7879494,24.60585885,119.6181758,2.276520195,417.4806924,98.28328895,340.4604971,2.867842876,174.9641589,34.92731913,170.0206391,39.11475552,0.448810039,85.0105582,25.96607529,2.688706188,36.29138901,0.221762315,0.331245671,0.032268378,0.555337337,0.196854994,1.018657654,0.637424163,0.072836024,0.040219385,0.061242549,0.216650681,0.021215374,0.120812304,2.203993393,0.059170111,0.756559867,44.24967547,1.73102553,119.2915142,656.867959,0.15531122,3.751189217,8.326512398,1.150158716,0.317182684,4.985471776,14.1061416,6.287923817,1.596972903,0.316566223,0.530275567,1.790835902,2.326217969,0.739200442,0.0961,0.1086,0.1036,0.5008,0.6072,0.9389,2.8418,4.5731,3.6265,1.8040,0.3579,2.7523,14.6773,24.2683,21.8100,7.8825,2.0654,6.0068,8.8052,11.7238,4.8671,1.9166,0.0751,0.4891,0.8048,1.7572,4.0993,6.7418,5.3972,0.0294,0.0878,0.2325,0.7049,1.5368,1.4980,0.050830422,0.020030644,0.008985658,0.764742352,0.746874821,0.978655647,1.914972183,0.488106976,3.02070252,0.918418961,1.221735461,4.726185957,0.777843934,0.062640145,0.102922661,0.052283422,0.272683325,1.218742062
s16,1.442031924,1.690163436,0.90567555,0.363717565,-0.484967209,0.436554303,1.53575431,0.626037851,2.093866673,1.969355748,-0.082255718,0.087163985,-0.559803164,-0.332993772,-0.219735951,1.658110622,1.309628808,1.256549571,1.050387776,0.385645349,0.5648585,0.874884464,0.536375034,0.760913503,-0.212921252,0.526058084,0.37082332,0.488857236,0.106171133,0.564820118,-0.039137701,0.311153596,0.325267563,0.070550389,-0.713921423,0.606299625,0.523337231,0.327442512,-0.369363735,-0.600041279,0.205685758,0.115647412,0.229963178,102748.9792,38838.18496,21518.05422,690207.591,1744314.109,53535.5393,1443.619033,59268.38921,658503.1675,176224.6145,1740025.581,24446.97257,66742.08019,1252678.414,276405.2017,1507499.229,5754.041442,15658.86602,353932.5822,214446.1367,57917.6453,0.069682455,22.33797729,0.704566785,14.22036758,2.571296483,4.215468717,0.210748293,0.062966799,0.101464791,0.054209566,0.222768342,5.961444074,0.049375592,0.003058891,0.093215056,0.036046245,5.163931045,0.009104834,0.039913888,2.899041929,5.109508602,53.64911919,2.748738024,42.38291954,21.31544246,106.5350778,1.959513753,373.2488926,124.2467292,372.1559699,3.199649737,136.0681982,25.50973524,139.5990522,25.4606887,0.776818849,68.16535773,23.0095797,1.864417019,32.69413998,0.192596558,0.329903668,0.023576631,0.431296622,0.19278658,1.132118583,0.856419847,0.083095227,0.034790246,0.076884752,0.239719694,0.022988026,0.102822754,1.902314792,0.068709171,0.80287304,44.97195132,1.591611289,111.3535149,858.1591676,0.174878014,5.538772844,9.242869767,2.100905447,0.423690176,9.183394593,18.93518436,9.299988474,1.991854821,0.389418952,0.835367494,2.895521432,5.300347067,1.101315267,0.1058,0.3101,0.0943,0.4027,1.0352,1.2549,2.0472,6.1311,6.7588,4.6346,0.1506,1.5764,10.0003,30.6705,35.3522,16.2981,0.6385,4.1699,12.1267,20.1702,4.1893,4.3324,0.0209,0.3541,0.8053,1.4492,3.9949,10.0157,10.1610,0.0279,0.0586,0.1349,0.9512,2.7961,3.9520,0.057965938,0.020118886,0.020916997,0.957497905,0.745680814,1.116462745,1.716988559,0.45727039,4.625429752,1.370518302,1.764727126,6.350644989,1.05722922,0.105191691,0.145516136,0.082342617,0.446468812,2.029891226
s17,1.096977534,1.113076659,1.05537648,0.353779668,1.000193478,0.892575557,-0.051059521,0.410668775,0.306069812,0.228615664,-0.667844512,-0.807205966,-0.696759858,1.368880737,-0.395336504,0.387880679,0.126712406,1.042232075,-0.283852747,-0.417263676,-1.101272164,0.482221071,-1.357538488,-0.597911921,-2.192751164,-0.860334692,-0.010605888,-0.525837757,0.869805378,0.279713972,0.592742496,0.674821861,0.230908071,0.617769117,0.168177116,0.344989683,0.10349117,0.256093772,-0.12834645,0.769302545,0.566309905,0.358485523,0.193642162,123571.2844,44740.99803,24163.96222,826916.6281,1819124.114,58977.95462,1504.731816,71448.72809,779643.3137,172668.7011,1738541.743,21507.35858,55949.45599,1305221.529,229285.5526,1581925.5,6416.015632,14707.0803,425525.1791,213545.951,49799.21778,0.047417588,18.8661339,0.476428422,12.9114658,1.812834671,4.087003963,0.173428324,0.042991536,0.065646509,0.033955015,0.152228943,5.015693162,0.035193256,0.005196659,0.061815428,0.030679386,4.589547406,0.010226462,0.052078554,4.102507289,6.536676385,65.01854227,5.690495627,60.14215743,30.01166181,120.5241983,1.68548105,528.4458309,124.4149271,439.9802915,5.195102041,235.0895627,35.49072886,168.4759184,22.46869852,0.363636364,57.2138685,13.56140482,1.838175827,24.3550996,0.23582994,0.326421287,0.032466492,0.433946233,0.167138325,1.180655784,0.700323831,0.086233356,0.028367564,0.07448983,0.244308814,0.022558372,0.104376653,2.03098675,0.04821015,0.659499215,52.25752583,1.962033848,88.74806622,523.3349824,0.283002824,4.606484459,14.93504639,2.731104255,0.703838564,9.554874792,24.44417674,17.53098869,3.260871935,0.656262605,0.396775213,5.43016778,6.833266105,1.977542054,0.0748,0.1668,0.1663,0.5442,1.0206,1.2929,3.8885,6.1156,6.1834,2.8158,0.4783,3.9574,21.4185,34.1976,34.3911,12.0549,3.4038,10.3099,14.0949,22.1264,8.9315,4.4415,0.1869,0.9165,1.3903,3.7276,8.4724,13.8700,9.0110,0.0642,0.2221,0.4748,1.5327,3.2526,3.0582,0.063535597,0.012790069,0.013587441,0.790054765,1.037861993,1.178666667,1.437339175,0.40750931,4.41784885,1.680785688,1.722938299,5.885593282,0.950764513,0.112902519,0.210543994,0.057416575,0.361743702,2.142820007
s18,2.177930334,1.814285275,1.921776827,1.534107551,1.634648699,1.165384309,0.629901711,1.07526708,1.361608579,1.69392636,0.543843846,1.165354095,-0.119090503,1.187029073,-0.245097705,-2.795912514,-1.515711352,0.628684733,-1.945946971,-2.573503972,-1.726949139,0.235822498,-1.764488293,-0.675378865,-2.396892622,-1.594624291,0.505443688,-0.240888621,1.15074311,-0.175556972,-0.932949651,-0.183617215,0.091502299,-0.01261657,-0.281990308,0.24241893,-0.117970749,0.245290581,-0.354936089,-0.504230708,0.062212342,-0.15756993,0.007726505,90316.64304,28809.59545,17077.47157,602423.2042,1264102.757,31882.09142,1194.402187,51102.64152,430949.779,116323.4173,1711252.479,16222.7947,76652.98936,1179608.145,228699.8539,1493254.447,4918.358512,14175.91097,370297.6577,173431.6481,31145.71221,0.043620733,21.98091328,0.496516694,12.61548113,2.070020805,4.177166876,0.138178199,0.030478928,0.065097591,0.037572591,0.409285816,8.072710044,0.038766338,0.004695581,0.07520606,0.038342836,6.845056405,0.004565884,0.045963229,4.100619195,7.92244582,63.10356037,4.65371517,38.02260062,20.10464396,157.2404025,1.257120743,578.7611455,189.7637771,504.3275542,4.82120743,198.8272446,35.14117647,207.476161,26.30123625,0.256663264,51.01531133,16.18532381,1.35170693,34.9106272,0.183709986,0.256091815,0.028790213,0.374749207,0.158379257,1.058258029,0.678598843,0.080031339,0.025688059,0.099994177,0.240528107,0.020026363,0.086039777,1.960328426,0.044253339,0.855673077,55.22842237,2.046047408,120.1870808,601.2796877,0.165142478,5.665752154,10.29949636,2.436792578,0.337017893,9.037335984,16.17402253,6.649489728,1.022425447,0.129662028,0.778091451,2.941153082,3.132471836,0.537243207,0.0594,0.0724,0.1128,0.6386,0.5861,0.7503,3.7867,7.2086,4.9922,1.8382,0.5065,3.3700,22.5024,28.7212,19.2007,6.9554,2.8961,6.7418,9.3910,14.0610,7.2168,3.0412,0.1341,0.8785,1.4748,4.1732,8.9165,10.0088,6.2992,0.0897,0.2699,0.6274,1.5776,2.0684,1.8574,0.045996108,0.026393651,0.006768027,1.188846159,1.107540476,1.215597241,1.312126848,0.381557871,4.446898291,1.329952078,1.355627557,3.456155099,0.654979547,0.051655436,0.12393598,0.072247448,0.31160394,1.678685844
s19,-0.178826425,-0.97191379,-0.436400691,0.159803733,-1.950317622,-0.508345146,-1.908613474,-1.513732108,-1.706846768,0.759045671,-0.86220528,-1.059043677,-2.289901977,0.318417114,-2.56992224,0.869490508,1.076338047,-0.665496129,1.532291906,1.384723543,1.884712851,1.480387577,1.053516175,-0.696534157,1.879748609,1.44298895,0.307449104,-0.112011355,2.004500663,1.667416068,-0.310399121,0.714914992,-0.149681335,0.820335845,0.540950533,1.273367029,1.882253845,1.266875948,-1.506955995,0.951212419,1.963800845,2.100175929,1.619892009,81889.20391,30606.9897,15571.01516,543762.7489,1208526.555,48773.34495,1042.548818,43526.65052,454207.1864,134831.453,1257696.709,20406.05225,40083.9191,831038.1715,167647.6071,1081741.712,3652.129817,10018.274,247138.2614,167589.7321,36291.73464,0.105378396,35.98194456,1.270128953,19.19743662,4.066849236,7.941209535,0.352229724,0.072865537,0.138348769,0.076394926,0.341115418,10.14465592,0.084283763,0.008856151,0.126361919,0.055061732,8.455585258,0.014329972,0.067087797,5.54100445,8.827293918,119.8190295,5.893833439,93.13413859,54.70502225,278.5153634,3.627039627,894.9889807,233.4825175,735.3021827,6.64144946,316.815427,52.9544395,293.9207459,41.98421468,1.183241252,97.13509603,31.80202578,2.760589319,48.39147593,0.292991549,0.49570591,0.029173012,0.519738433,0.28098836,1.908788178,1.295945778,0.134423958,0.048238247,0.107290148,0.345880092,0.037940928,0.177707989,2.653564356,0.102198678,1.340987967,89.20205209,2.996711392,106.9948628,639.6255225,0.141873805,4.192617378,9.172190355,1.98155938,0.270830678,5.5523157,15.58234544,11.36360739,1.771393669,0.319386021,0.987879754,1.492394306,3.018036966,0.801274697,0.0525,0.0975,0.0753,0.4457,0.7409,1.0159,2.1941,6.1559,4.7746,2.4389,0.3084,2.2722,15.6593,40.7493,26.0195,12.0630,1.7760,5.2883,11.1610,13.6443,7.4100,2.3386,0.1010,0.4465,0.8340,2.6602,6.1493,9.4140,7.0099,0.0344,0.1028,0.2672,1.0399,1.5701,2.0567,0.073402016,0.027401939,0.026351631,1.128504763,1.006596447,1.17158874,1.797952326,0.52584569,5.790365345,1.976457729,2.105338212,7.587058155,1.29917982,0.109663261,0.219271018,0.111793764,0.480114595,2.61346956
s20,0.833739407,-0.02921727,0.607506841,0.600100991,-0.401802553,-0.281936154,-1.397124018,-1.442343708,-2.181746527,0.429046039,-1.113171915,-1.108827693,-2.769999746,-1.145078366,-1.923965693,-1.601896311,-0.065492662,-9.708262749,0.217058663,0.052585426,-0.016891732,0.546277691,-0.867581023,-3.182952677,0.022427138,0.001746051,-0.306136748,-0.415217319,0.862488601,0.037959041,0.495816583,-1.042000723,-0.177737335,-0.714806496,-0.165565207,-0.546912658,-0.435723331,-0.124243307,-0.189823362,-0.578569869,-0.774807431,-0.689319424,-0.710640478,140017.5654,40264.646,25486.979,836305.4156,1782926.818,47535.46995,1499.530319,76693.30471,699616.6073,178176.0446,2058333.481,26210.01967,110238.3627,1561550.336,283839.3887,1833835.302,7431.485661,16712.21787,498588.8261,225288.3296,51843.8732,0.042390335,18.61936478,0.45039331,11.78353135,1.884226396,3.195321467,0.121436313,0.053493803,0.096470005,0.03763142,0.267021119,5.260592585,0.033410382,0.00499886,0.081861336,0.026409979,4.399598891,0.00767625,0.02899339,2.791477437,4.273649628,38.6978452,3.21992463,38.92733597,19.31887139,119.5199536,1.355589912,360.4071891,106.1996328,308.2614745,3.379843463,166.7535994,23.5830515,111.4027442,27.21875883,0.348526227,71.97344383,19.17449854,1.075807515,26.80111122,0.158829787,0.221247556,0.025530179,0.287996337,0.127926833,0.857650456,0.561427994,0.065549055,0.02464838,0.081259473,0.195643393,0.015200534,0.065785001,1.256337555,0.034020243,0.61675338,50.02834542,1.845371504,75.2754924,551.5179944,0.671406736,10.79150063,20.24885365,6.208813254,1.16297287,19.56056553,51.37380588,33.11160544,4.438888586,1.060920356,0.595774879,12.15900158,13.2541214,3.690335171,0.0627,0.0548,0.1077,0.4909,1.0405,0.7751,2.9434,6.1864,5.9889,2.2332,0.3592,3.0721,16.6993,29.2017,25.7343,10.3751,1.6706,6.8613,13.3732,20.3413,13.7324,3.4418,0.2090,0.6455,1.5125,4.3159,10.8217,17.7299,9.0177,0.0520,0.2526,0.6793,2.1946,3.7724,4.2060,0.055557921,0.012383101,0.014182525,0.789189266,1.274735692,1.508175458,1.126286063,0.310545362,4.189450381,1.561264138,1.544935927,4.633468148,0.74537585,0.073316588,0.163475102,0.057544666,0.338155449,1.825694297
s21,1.136869249,0.339167932,0.529965196,0.335931931,-1.127414894,0.640846654,0.204760067,-0.147253511,0.580821448,0.238862051,-0.443724357,-2.602072466,-0.890120894,-0.374530441,-2.023713904,0.265946796,-0.166207178,0.717660203,-0.83180897,-1.021135698,-0.546042811,0.46563902,-0.511197686,-0.242263465,-1.32178068,-0.453249504,0.323512044,-0.141041197,0.615165473,0.012580282,-0.125750144,-0.347928913,0.392779386,-0.228545298,-0.273986905,0.30638137,-0.02928927,0.17713863,-0.529225091,0.119848315,0.183569328,-0.192906465,-0.255637003,131862.745,48038.84505,22954.95915,827514.6129,2165244.884,55096.17818,1341.564897,65988.39966,696647.4658,186495.4258,2233289.279,32008.93174,85573.47633,1482638.759,293293.5672,1957558.308,5651.690557,16561.94823,449649.07,258315.1565,60031.73346,0.039118951,16.57503266,0.457266262,8.682412588,1.790810687,4.020454403,0.144039726,0.02958949,0.052546657,0.034193058,0.273591864,5.722473868,0.049871354,0.003996837,0.053198892,0.036745118,5.001122451,0.00793869,0.034744803,2.956920667,5.046659953,59.70538212,2.884525008,36.94461229,24.78091082,121.1544142,2.052254672,477.5842005,141.6765134,394.0325613,3.43638805,173.7175786,31.94651449,175.9304017,17.41093586,0.331650894,38.60694006,13.63785489,1.747493866,23.37160883,0.160933379,0.263080257,0.017923199,0.307365898,0.097742394,1.098049551,0.615787887,0.079250384,0.024441761,0.067745257,0.19838951,0.018763142,0.078469219,1.345809862,0.037596437,0.729437997,41.4936558,1.522677883,108.237724,631.3583871,0.184553519,5.298647242,10.47813894,1.892961075,0.286054428,6.61457874,19.90176194,10.73976613,1.254060918,0.148838604,1.169456251,2.063987019,3.065203972,0.465669589,0.0311,0.0535,0.0858,0.4030,0.3451,0.7794,2.8933,4.6046,3.0064,1.4675,0.3592,3.4539,18.9967,25.8157,18.9519,6.4006,1.6572,5.2468,6.8608,10.4018,4.4915,1.9244,0.0943,0.4214,0.8448,2.3319,4.9352,6.6045,4.0809,0.0518,0.1274,0.2570,0.7329,1.3151,1.2703,0.030316141,0.017711854,0.007591961,0.770450674,0.615893049,0.737446054,1.024384072,0.330840776,4.210204792,1.253095289,1.315741209,3.898806511,0.756523916,0.081435343,0.156451534,0.057078483,0.246031228,1.465974955
s22,1.052839836,-0.294775543,0.742880785,1.006724423,0.336319933,0.301229892,0.502152769,1.100145967,-0.079777061,2.919164623,1.648111625,0.613002379,0.73671552,-0.376749083,0.245607946,0.574879487,0.627773089,0.556900983,0.774106857,0.408815287,0.851896358,1.087847419,0.746945251,0.287434783,0.757053795,0.9688499,1.195962182,0.771805918,1.110215402,1.212672846,1.380624656,-0.067733754,-0.122217263,0.020721228,-1.127387848,1.263954136,1.134979078,0.663187858,0.069658683,0.375785563,0.271587582,0.210516439,-0.04133594,93556.24167,31083.75578,18438.25601,534678.5756,1256912.37,38616.32629,1093.908821,52623.19601,448587.0614,126266.7533,1424705.995,20537.95754,52081.36973,995809.6915,187717.0445,1201511.082,4654.629725,10975.484,320839.3349,155435.181,29895.78461,0.073427852,26.93380493,0.82272046,15.99425394,2.835192734,5.96233739,0.232141358,0.040902824,0.103039386,0.049001858,0.365667526,9.557979138,0.071701337,0.003677837,0.091274504,0.04449973,7.884913974,0.014198789,0.048012709,12.55588332,17.59095379,160.8023599,11.58800393,100.8469354,54.84103573,459.3684038,5.324156014,1027.617175,424.7276303,1282.4451,13.97214028,587.056375,84.05801377,446.2012455,35.02201835,0.48733945,70.94996942,25.46507645,1.855657492,40.45626911,0.277405431,0.447032552,0.033538157,0.503893651,0.238172172,1.656522391,0.9787213,0.130750555,0.0341856,0.10329117,0.288774654,0.031155207,0.111728913,1.923994365,0.050305737,1.184910977,75.61883792,2.817247706,178.800259,984.8197797,0.228312109,8.110068247,16.31436009,2.652177584,0.551044818,12.93626961,29.12329557,11.93539717,2.389699571,0.366959826,1.07916696,4.721212974,3.740068951,1.028790544,0.0739,0.1565,0.0932,0.5765,0.9089,1.0078,3.8034,7.3930,6.7833,2.9902,0.4827,3.9066,25.0371,42.6023,35.0914,12.0094,3.3581,7.1183,13.4005,18.7073,11.2529,5.4872,0.0783,0.7718,1.6223,4.9557,9.3334,15.4620,9.4468,0.0633,0.2712,0.7221,1.6538,2.5465,2.8428,0.068632977,0.032336556,0.016511184,1.641620398,1.853292372,1.729681614,1.654044888,0.540387813,7.732777167,2.550195879,2.783687044,7.44622474,1.424386761,0.155900341,0.256508178,0.09152786,0.655646684,3.294650658
s23,1.056111843,0.625306214,0.704241114,0.302712221,-0.189666144,0.20042893,-0.756888617,-0.471234295,-0.305561935,0.683004276,-0.682309316,-0.524211877,-1.447256657,0.984100039,-2.147631489,0.430170393,0.002990521,0.7013393,0.529843105,0.422266805,-0.043594723,1.381347549,0.346420412,0.183687124,0.39554583,0.161303657,0.947377551,1.53737804,-0.333639593,-0.000434798,0.344614726,0.051990663,-0.150954429,-0.346044772,-0.184229751,-1.053360685,-0.825878175,-0.14904163,0.445202409,-0.070856741,0.134186024,-0.150917855,-0.257941188,146144.3743,57455.061,26371.68508,987013.2091,2189771.688,93380.15236,1452.949307,78704.19263,891127.2484,277775.7607,2036068.437,36873.94336,52120.14663,1376931.344,275486.9119,1915529.46,6857.600706,16551.237,479931.0662,280599.512,55348.01992,0.044862941,15.97944767,0.587023049,9.346403854,1.833544919,4.211837368,0.18722148,0.026933401,0.06464463,0.02926022,0.127029452,4.592298414,0.040226055,0.003197981,0.062012531,0.024053729,4.144676051,0.009871299,0.050529212,2.836605713,4.232324935,41.18007921,2.666217241,35.49608157,20.91657538,116.678436,1.617679279,282.9055364,84.678436,328.5538047,2.660234263,136.3545968,22.64481335,109.5103227,22.66416587,0.353771655,41.97046788,15.81032601,1.44632383,21.88459965,0.209510549,0.258589687,0.025879817,0.361146582,0.155537644,1.010889515,0.666903692,0.078868012,0.015693932,0.054425238,0.170298987,0.02162453,0.078497582,1.213056622,0.042912136,0.587062139,48.90362843,1.577342791,155.2611736,1430.535174,0.366776715,8.850763807,13.26252961,5.863260776,1.023762893,14.79089027,28.66666667,31.70977188,5.76613881,1.347453043,0.766866245,6.905452036,9.321936844,2.115680898,0.1347,0.1989,0.1528,0.4320,1.1719,0.9424,4.0713,5.1929,6.5270,3.0414,0.4784,4.6263,24.5639,29.4085,25.9708,11.8601,3.0469,12.7843,15.0551,17.7861,11.2151,4.1714,0.1523,0.7958,1.5456,2.9307,6.9867,13.5848,5.7511,0.0441,0.2008,0.5209,1.5782,2.8685,3.2860,0.062465519,0.014851027,0.010491707,0.731728006,0.982795514,0.835318466,0.968980901,0.368061203,4.691416253,2.223604109,1.707026255,4.934345512,1.093098753,0.132795035,0.173368284,0.075498834,0.529407075,2.464773057
s24,1.55717331,1.137773293,1.002286108,1.351698951,2.115384652,0.81764428,2.037734018,1.893804291,1.921162671,2.040901941,1.931637074,1.213521323,0.933770857,1.377933392,1.526139673,0.297031959,0.627969116,0.987060084,0.934430087,-0.140412132,2.069206751,1.835580602,1.720130451,2.322468517,2.0481907,1.853617641,-0.110446038,-0.407803947,-0.27337368,-0.914522981,-0.091065158,-0.826062382,0.091752111,-0.23405703,0.19078762,-0.808457834,-0.995131885,-0.265060432,-0.196769198,-0.588593294,-0.820322625,-0.72851524,-0.432175627,134981.6055,41332.31303,25331.88459,830478.851,1689605.927,47437.37197,1557.339549,71521.36469,633830.664,148198.0937,1951648.644,24114.35681,91063.44468,1410782.992,244688.9093,1744671.946,6441.906889,15033.43471,488678.2951,232053.2706,41692.38769,0.050465183,21.44548693,0.563914555,11.8480154,1.872855639,3.780274112,0.150045189,0.030590437,0.067062914,0.033856819,0.289468256,5.796253017,0.041235951,0.003442886,0.06682474,0.02986103,5.329079522,0.010081979,0.036827611,3.705551839,6.260334448,52.67826087,4.242943144,37.60829431,19.730301,150.6354515,1.156254181,508.1110368,113.2323746,459.5480936,4.107959866,203.7070234,36.59919732,168.7642809,25.36419653,0.401248581,61.43278742,15.88276309,1.290578888,29.97835252,0.174489894,0.267607311,0.020746632,0.305596019,0.142342821,1.159874108,0.600042531,0.081098151,0.02096992,0.066735425,0.193777712,0.018077811,0.080768536,1.341738881,0.038469309,0.75978054,46.63864115,1.632965786,83.85191843,553.9564697,0.316242313,8.919058679,18.57561681,4.398074704,0.691952613,14.21039485,32.79258513,20.24425552,2.8027667,0.401814278,0.702397125,7.933973151,9.123332895,1.874636633,0.0655,0.0889,0.1452,0.4929,0.9290,1.1584,4.6301,7.2058,8.0334,3.1247,0.5849,5.0904,28.5831,39.0077,38.0452,13.3775,2.7469,7.7878,12.9665,19.1750,12.1684,4.8115,0.2309,0.8802,1.5731,5.5142,10.5366,17.2072,12.8174,0.0672,0.2551,0.8300,1.8480,3.2564,4.0089,0.046200711,0.014057115,0.00862553,0.978378422,1.235336465,1.113238616,0.950879342,0.277035031,4.224666704,1.488163066,1.650280578,4.414925309,0.672793989,0.059879065,0.143550194,0.058385514,0.299083722,2.030290087
s25,-1.100062286,-1.526779855,-1.25433112,-1.29853921,-0.607426261,-1.084761926,-1.276538663,-1.05868804,-1.376443091,0.023146979,-0.281638597,-0.061152313,-0.383698457,-0.989068005,-0.368080049,-0.561215721,-1.484157521,0.721944004,-0.898549166,-0.148488104,-0.998641095,-0.465339256,-0.672014972,-0.183302062,-0.819888547,-1.162693803,-0.260693242,0.030263801,0.351009821,-0.0132503,-0.04522287,-0.409921727,0.056848863,-0.275486909,-0.084800945,-0.376739591,-0.353555952,-0.151600176,0.130935195,0.241671779,-0.38469641,-0.610474107,-0.520145744,101733.9948,45856.88004,19130.75529,714327.7993,1612506.373,73918.22724,1244.730589,57226.67585,635850.4513,192820.4022,1546318.222,22657.73174,48239.01702,1048470.921,223296.9756,1379383.095,4569.622942,15739.82834,320381.0701,200262.8419,44693.38592,0.090441275,24.61879595,1.050686341,14.41153902,2.981218201,6.148808666,0.344742436,0.061589945,0.090853256,0.05090876,0.228184578,7.164281977,0.053036909,0.005962356,0.09481131,0.048962591,6.617779901,0.011171518,0.043687713,2.997356405,5.775654891,72.5161019,2.946407114,48.12004326,28.02895938,130.0663302,1.803052151,549.8960586,132.1111512,415.4527758,3.261475607,176.5072098,32.02126893,182.2909156,30.40694097,0.694770236,71.57306287,22.03845414,3.144299173,31.72909056,0.257152173,0.402192347,0.031692232,0.662048937,0.262502875,1.308958193,1.041420552,0.089094121,0.045082889,0.090302263,0.309109842,0.027352527,0.107466466,1.837964964,0.074080814,0.9086463,68.53912709,2.328686791,77.0904145,685.5347995,0.109640261,2.952861379,8.42033796,2.36183779,0.246149406,4.52206712,15.30840177,6.611030936,2.337474745,0.470454724,0.607646086,2.052635722,4.54841122,0.663535462,0.0401,0.1218,0.0759,0.3084,0.5698,0.9124,2.1749,3.6942,4.0600,2.2296,0.2984,2.9280,16.0390,23.5054,23.9479,9.8168,1.2287,5.2952,7.7583,11.8538,6.1903,2.1801,0.0639,0.3481,0.8193,2.0884,4.7124,7.3801,4.7711,0.0355,0.1136,0.2826,0.8034,1.3492,1.6006,0.056206343,0.022804044,0.011113993,0.658792873,0.633738886,0.670332123,1.305458373,0.388193531,3.782708617,1.344799194,1.367340845,5.29501695,0.878539287,0.087087259,0.17057642,0.058522638,0.354335815,1.642096247
s26,-2.215159013,-2.921900204,-1.988726311,-1.797997233,-1.038020306,-1.811750535,-1.54653596,-2.887225719,-1.763550013,-0.37399219,-0.695196225,-0.991212444,-0.958210935,-2.340432667,-0.499518501,-0.422454976,-0.631895358,0.569890266,-0.086232286,0.277677747,0.527891363,-0.098992251,0.773957874,0.680174644,1.292217481,0.547176814,-0.010605888,0.245633579,-0.239074873,-0.143535664,0.236595026,-0.383622938,-0.193561207,-0.927360221,-0.338552014,-0.595745211,-0.085835192,-0.139760712,-0.73680094,-0.570512841,-0.333389811,-0.475140627,-0.672444512,98656.61846,38551.68201,17991.89801,681653.9889,1685991.25,48054.04698,864.3268258,52033.00799,584408.3449,153479.7923,1485038.104,21586.39526,61782.34503,1129078.476,189824.8686,1468423.839,4523.597039,11888.253,349990.9609,171773.0254,35373.18008,0.056921339,18.66563241,0.548129724,11.92637434,1.826399161,4.070667261,0.200264432,0.046116087,0.053740046,0.034520577,0.202462969,4.349486333,0.045498065,0.003158497,0.061718608,0.027879374,4.379004478,0.011615773,0.034401532,4.520357327,9.609517265,82.29874592,6.11046212,69.56467961,37.74591995,161.2204089,2.243428964,582.8268339,169.8797457,499.8306133,3.424669301,242.95877,44.53203917,209.042089,19.67690801,0.317125301,46.58936682,15.48811114,1.260842461,23.97542079,0.26642064,0.347389111,0.029257259,0.501593179,0.212794574,1.16691911,0.749789771,0.083161942,0.035645174,0.089613179,0.251309497,0.017960629,0.087954145,1.403927985,0.05114638,0.623715831,52.86641731,1.737999822,89.38053049,762.3720046,0.466545211,7.636729814,15.6544642,3.885822457,0.768385545,12.15464211,24.24691499,19.36270086,3.95513742,0.606199917,0.746552043,5.230803171,7.78193541,1.874436015,0.0627,0.1356,0.1054,0.4729,0.6836,0.7973,4.4455,7.2871,5.4583,2.3971,0.5210,5.5959,28.0163,43.8967,28.4677,10.9348,2.2858,8.5053,14.1968,16.8602,9.6113,4.1678,0.1113,0.6790,1.6119,4.4080,8.3721,12.3780,8.8733,0.0706,0.2578,0.5617,1.4124,2.4857,2.7854,0.058838643,0.016853059,0.011599367,0.806073187,1.078382782,1.325745794,1.530876427,0.373999297,3.90342538,1.383827149,1.649865446,4.371585438,0.753752637,0.07371058,0.168337886,0.060951615,0.306073187,1.366068048
s27,-0.113363128,-0.163137329,0.243115878,0.64753964,-0.885450673,0.581843749,0.941381464,0.056319278,-0.260223584,1.125219257,1.144100316,1.120441339,0.554251027,1.581159194,0.725652494,0.195797777,0.121937314,0.897998048,0.566179593,0.272891056,0.695055266,0.531889773,0.490547257,0.588092791,0.636275342,0.241394843,0.102048414,0.296117152,-1.840616647,-1.363875089,-0.209833732,-0.9409308,-0.194483031,0.189426881,0.757153505,-0.392837539,-1.03515613,-0.203730073,0.316470686,0.259351126,-0.854600034,-0.482869807,-0.25122876,87171.29885,32221.43203,17808.02919,538058.2961,1393308.536,35539.11262,922.342339,49637.06181,488233.5922,119866.2949,1578237.144,18622.88717,80485.31168,1125779.638,209921.2139,1384934.488,4757.021723,13397.52706,288672.6332,152772.9996,32872.13906,0.070489163,22.35959927,0.65908698,15.43515101,2.149366561,3.955100854,0.175892262,0.063741806,0.092240402,0.042539355,0.352558316,6.389376549,0.04548635,0.004983001,0.0904294,0.03307275,5.178669133,0.006873578,0.04742083,2.884646302,6.208601286,52.72588424,5.129153269,48.64817792,20.43890675,134.0214362,1.967979636,474.4622186,120.9237674,425.755761,4.524383708,170.8062701,30.12031083,168.2368703,23.38855979,0.536838208,63.96038504,17.26092188,1.632913736,31.93215476,0.188750381,0.290594585,0.029047385,0.387686279,0.155801108,1.109236388,0.705023337,0.07992284,0.04110976,0.102181709,0.245495131,0.017391113,0.087424782,1.51651168,0.047360464,0.767338293,45.32478712,1.730655313,95.43718292,781.3143722,0.621238801,9.702486871,24.72389558,5.778297807,0.989759036,17.03565029,38.25464937,34.45483472,3.861383998,0.58042941,0.552023479,9.698177325,10.82471424,2.268551128,0.0441,0.0935,0.0806,0.6603,0.9010,0.8194,3.5273,8.1426,6.7769,2.2602,0.5034,3.5560,20.7054,40.8415,29.0919,9.2438,3.1246,7.0040,15.8385,19.2801,10.6091,3.4163,0.2146,0.8262,1.4218,4.1590,9.8713,13.8163,7.8076,0.1143,0.2718,0.5990,1.7126,2.9969,2.7500,0.05436659,0.017378636,0.013196109,0.704447264,0.939010292,1.298450742,1.126481508,0.293882858,4.2035434,1.114980341,1.79702367,4.362266397,0.71448533,0.073765998,0.157028056,0.051681627,0.421269797,1.613609662
s28,0.65961807,0.822829397,1.290424598,1.166815357,0.364238906,0.413664768,-0.991805555,0.055533137,-0.483924989,-1.712181803,0.211053234,0.742544623,0.306681663,1.124290159,-1.428173266,-0.062546551,0.100196484,0.76915796,-0.179516141,-0.212006418,-0.373101592,1.232418764,-0.268607064,-0.111025191,-0.540713816,-0.427516489,-1.041160159,-0.289202527,1.44686397,2.056996049,-2.04203453,1.761594617,1.493666914,0.55663942,0.823314742,0.745660215,1.832721603,1.067929291,0.942473115,1.749366814,1.400523766,1.799386674,1.409044796,124288.4109,39939.72999,23260.1056,726523.0831,1836833.911,54243.8775,1330.919302,60037.54776,663362.3303,179894.4529,1729744.194,28377.69073,59821.46142,1286607.348,235716.1604,1668264.791,5873.308693,12643.47037,410811.3715,200983.1222,47115.71106,0.05023323,15.62844173,0.426780178,10.40209829,1.540496141,3.128456259,0.151231636,0.038286773,0.047008022,0.027719355,0.134251799,4.179348834,0.036053937,0.003236383,0.054470925,0.024056073,3.679088448,0.012862836,0.038105732,3.533665835,5.623441397,74.74052369,4.562219451,57.39426434,27.22693267,122.9352868,2.339401496,447.8210723,118.3173317,402.3977556,4.035785536,190.8840399,34.36895262,177.9693267,17.42045455,0.442644349,51.90118243,12.80359337,1.347128378,19.33668612,0.230379984,0.271386839,0.029887375,0.467661869,0.148017603,1.0555527,0.672486048,0.071339009,0.030756818,0.065156801,0.239367207,0.014438561,0.076265106,1.43310096,0.039983192,0.555236437,58.63951167,1.83737715,49.41206308,587.2894853,0.572148372,8.39751681,17.63550068,3.57378205,0.711234545,15.46877956,37.96777356,23.5583051,5.173892108,0.706144348,0.579370948,6.552458255,10.74765696,3.361747863,0.0237,0.0761,0.1070,0.3341,0.4802,0.8910,2.4285,4.7530,3.8501,1.6727,0.3536,2.8875,15.3214,29.6812,22.0984,9.4832,2.8100,7.1480,13.9752,17.6744,9.4077,3.1036,0.0918,0.5669,1.3696,3.7472,7.8247,15.1910,10.9356,0.0800,0.2855,0.6379,1.8598,4.0767,5.5837,0.053951125,0.015657004,0.014150359,0.594810575,0.85566749,1.0050644,1.147625234,0.356262369,4.256699959,1.651265092,1.824460071,6.176032541,0.790250887,0.101650971,0.207824757,0.063535458,0.385597285,1.749303573
s29,0.474635109,0.744565629,0.847900585,0.184251151,2.316095613,0.54609716,1.947625743,1.987066747,2.875788444,1.81123365,1.076244382,0.555379434,1.125632103,-0.107096556,1.691061433,-0.557724399,0.815586837,0.78341375,0.164542703,-0.886358843,2.440677899,2.276184342,2.418993895,2.904347841,2.674043475,1.981150261,0.603342574,1.287873697,0.46380406,0.395751304,0.407914417,0.071548141,0.691206082,0.204558238,0.489798452,-0.239783459,-0.24279813,0.112190708,1.241168029,0.750562312,0.20773141,0.066551651,0.242989322,131472.9919,44464.63667,24641.77077,789288.9549,1828391.89,59849.57515,1407.064435,66243.72319,620015.9146,203899.569,1861375.87,24891.83968,74913.66614,1348583.612,290153.3192,1671986.085,5903.269881,14256.7058,412983.8577,249108.5673,51730.11947,0.050169387,17.54516942,0.565803013,10.59265783,2.059610787,3.703909534,0.164901193,0.043909491,0.090332393,0.04399542,0.210574368,5.265111073,0.03563672,0.004109533,0.082921055,0.032156613,4.17736513,0.008384479,0.051363794,3.916710735,5.175171867,69.72540984,3.719857218,45.28476996,23.7117927,147.7628239,1.840428345,422.2519831,162.6922263,418.8162348,3.075621364,157.5088577,30.06478054,169.2835801,23.72891958,0.426645004,51.98797725,16.49829407,1.031762794,23.52250203,0.200003007,0.31348885,0.022919294,0.400474326,0.199612033,1.116888613,0.781599689,0.082641787,0.032072833,0.077943644,0.247313122,0.016042861,0.07525408,1.195087894,0.047333744,0.589811451,55.09991877,1.598537774,127.3784521,1267.232,0.346394517,6.040276122,13.21521984,3.061217057,0.562408952,12.52064296,22.96469011,22.29221295,3.184743743,0.702804264,0.614421931,4.256489207,8.335899219,1.937756589,0.0258,0.0570,0.0716,0.2826,0.5919,1.0332,2.1076,4.7345,4.6074,1.9129,0.3336,2.9342,15.3939,28.7981,28.2292,8.8168,3.0166,5.2497,10.3424,16.9195,8.3185,3.3962,0.0971,0.6859,1.1367,3.3306,8.6598,14.3151,7.8439,0.0857,0.1308,0.4391,1.5798,2.8214,2.9333,0.04990737,0.014050064,0.012390141,0.597341159,0.570156952,0.91879122,0.956059461,0.290963793,3.801508752,1.507062084,1.615185333,4.380614468,0.771013591,0.077933396,0.146743142,0.069971692,0.441504009,1.868208024
s30,-3.592491182,-2.242311425,-3.360584567,-3.398438999,-0.769269133,-2.27496259,0.240327579,-1.56888263,-0.875847281,-2.376360283,-0.450436086,-1.571514882,0.193311534,0.317645176,1.228937824,-1.928300868,-2.509658144,-9.939115356,-1.44764216,-0.495627328,-1.987964423,-4.162855938,-1.431114401,-3.457717425,-1.250204908,-1.665357988,-1.266709023,-0.965674907,1.639521666,1.67775686,0.611140641,1.65310367,0.099241186,0.500204554,-0.183410392,1.522876039,1.57632223,0.917760766,-1.38408692,0.057294537,1.143451375,0.632037979,0.584505995,138356.6229,49608.90209,23543.08201,814063.6576,2179330.023,70908.31763,1616.367696,62756.60319,773418.1116,210101.7231,2141471.879,32486.33973,57604.22405,1480188.898,263564.3921,1911703.244,5043.963354,17353.153,448617.5306,239682.2316,47195.7324,0.042369068,12.73502197,0.428400486,7.519889339,1.305082182,3.314249064,0.16273896,0.021657429,0.036068273,0.022367728,0.118828676,4.301779577,0.038972651,0.003241339,0.042820903,0.023533691,3.601594823,0.008893101,0.031140212,2.722857143,4.746009852,52.7017734,2.793300493,37.30906404,17.96236453,95.76857143,1.319507389,366.3611823,85.9537931,273.2723153,2.664137931,135.8825616,26.88236453,146.4489655,17.06736362,0.332032688,36.67871604,11.2324965,1.139144519,22.84399617,0.19164106,0.297288035,0.021584676,0.371312331,0.168595579,1.11353685,0.704563338,0.082549802,0.024575208,0.06257718,0.214462537,0.01807147,0.080891799,1.405297569,0.042719432,0.673945799,54.79820364,1.751895752,43.2406805,422.2158102,0.172790673,4.574643489,12.46817945,2.428937233,0.455230561,7.112709483,19.22745914,11.35484543,2.677651712,0.331716457,0.921057562,3.21082544,4.90552722,0.908441761,0.0664,0.1221,0.0844,0.3556,0.5429,0.7438,2.2617,4.1579,4.0781,2.1459,0.3092,3.0154,15.7650,23.2408,25.5651,10.1559,1.1854,4.8753,6.6987,12.2239,6.5623,2.4426,0.0356,0.3409,0.7804,2.0408,5.2780,9.3943,6.6055,0.0290,0.1129,0.1740,0.8316,1.7653,1.8294,0.030824963,0.00998343,0.007038695,0.578433945,0.515185309,0.490684724,0.835668227,0.256587995,3.271649392,1.182777672,0.988094717,3.641031435,0.598191855,0.075015428,0.151794782,0.03930444,0.184981365,1.183980349
s31,-1.565305184,-1.752106933,-0.739004776,-0.283600731,-0.331619012,-0.131067224,-0.169678555,-0.669538882,-1.564392289,-0.967282818,-0.017529051,-0.278185898,0.553872783,-0.864815214,0.460339444,0.399662189,-0.236270813,0.214003974,-0.319793719,0.701451876,-0.546163268,-0.931503169,0.037010086,-1.152867958,0.165042917,-0.3146794,0.355196484,0.645195389,-1.053893605,-1.467426079,-0.090988725,-0.413305148,-0.309845834,-0.0061436,0.427786814,-0.718562802,-1.239666793,-0.166017725,0.463068709,0.243420365,-0.368406269,-0.214794693,-0.141062016,107946.7675,64169.55062,20771.02655,1028670.552,2106599.185,113968.5251,1034.751566,72269.57137,912203.7256,270989.3551,1540886.303,21866.59662,33216.22272,945035.62,190431.7836,1522710.441,4880.322484,13776.89828,315601.9058,191329.7214,31008.17615,0.064622913,16.1146641,0.676545347,7.965799301,1.808374942,4.904630245,0.229931077,0.024309505,0.045339611,0.026610604,0.089261462,3.629741601,0.028072531,0.005962542,0.050628607,0.027657361,3.548514112,0.011728541,0.046081616,4.523990083,9.81070439,142.3947791,4.469593117,83.28088085,47.57036605,158.311944,2.093626951,541.9725828,159.4149045,467.6097419,4.170920228,230.2632347,43.71022313,218.6906811,20.70205066,0.734539606,41.23297145,13.70213108,3.438681142,26.5437877,0.281281814,0.296402379,0.028337533,0.472140575,0.183895837,1.089773799,0.659803854,0.072597261,0.02289837,0.064287244,0.206734581,0.024921217,0.072422802,1.231271545,0.03862623,0.751143373,58.68090068,2.202975472,109.8634506,925.514798,0.130505374,3.30977302,8.508307446,2.517886716,0.265437778,5.251929384,19.42377174,8.998744412,1.844426164,0.355905052,0.775498717,1.190946778,1.645621137,0.495156245,0.2313,0.4598,0.1026,0.5231,1.3240,0.9572,2.5788,5.2703,6.4435,3.8764,0.3447,2.8979,16.3335,24.7652,22.3907,13.4873,1.6813,7.0149,10.5230,12.7181,5.1705,1.8099,0.0569,0.3952,0.7700,1.8002,3.8591,6.2596,4.4864,0.0287,0.0652,0.1701,0.5472,0.9935,1.5745,0.042621425,0.026102461,0.008980821,0.85807743,0.97950899,0.743756206,1.648130453,0.442954927,3.392901529,1.422057969,1.297656743,5.048413992,0.914597893,0.090251625,0.16931782,0.078020098,0.291826704,1.629444351
s32,-2.414916462,-2.217665464,-1.876231021,-1.832478163,-0.502713735,-1.83138335,0.588156521,-0.81397644,-0.189529784,-0.673161433,0.894347961,0.526607921,0.788782052,0.25230196,1.355128699,0.654260888,0.462019314,-0.078079068,0.891549647,1.106801341,0.271716767,-2.202794885,0.541334241,-0.845388383,0.568757672,0.486983186,-0.376626272,-0.089713441,0.056535648,-0.580385287,-0.469586583,-0.218533293,-0.198731805,0.149432406,0.218999712,0.445052403,0.069311482,0.205168849,0.512593713,0.11438445,0.025697171,0.109622916,0.05101574,103312.4765,35206.76776,18967.48456,550187.3806,1443251.677,50617.89097,1048.987714,51052.51256,636776.1777,164325.6234,1427073.728,27390.88189,36270.09203,1042303.565,208386.8259,1283111.566,4552.886242,12243.41687,310049.4788,191857.7204,38347.86188,0.082885311,24.02233008,0.826958351,14.96560012,2.808464532,6.472572772,0.308523657,0.038926396,0.062779985,0.053047699,0.197860492,7.888839083,0.085959822,0.006927276,0.078807046,0.043164162,6.835136882,0.010186038,0.062683735,5.730532607,10.07822113,101.131306,5.429073651,68.35278608,43.54192301,227.443839,4.461240991,719.4591317,202.2879241,715.6335033,5.528563895,268.9349622,53.64686237,266.8208824,37.90436654,1.200902009,81.73595736,27.24641246,3.088150882,50.17281673,0.27194027,0.410928541,0.025179094,0.520299201,0.219021821,1.466074498,0.952380821,0.126472974,0.025038844,0.079742049,0.302039133,0.031517868,0.10943116,1.828520357,0.065917747,0.939843524,69.52736777,2.66297663,71.89087089,647.4652521,0.099430646,3.942583271,8.440011552,1.749264241,0.259372335,5.365087879,14.646588,10.20844679,1.823899112,0.393789367,1.292227081,2.207965454,2.741494073,0.800506092,0.0354,0.2362,0.1153,0.3971,0.6887,1.0542,3.2698,5.1898,4.5846,3.3351,0.2879,3.5755,24.2217,33.9581,23.9581,12.9277,1.4811,8.3150,11.7904,13.1133,5.8081,3.3540,0.0415,0.4498,1.0624,2.8356,5.7682,9.0420,6.5967,0.0190,0.1189,0.3629,1.0088,1.7627,2.2848,0.057686526,0.020179292,0.006688715,0.969711664,0.816773188,0.707306507,1.242390739,0.39020842,4.970025248,2.082863766,1.863497205,5.422766199,1.0089032,0.110905288,0.247928568,0.069489569,0.449026435,2.131074882
s33,-0.40330776,-0.542523864,-0.291940251,-0.164727412,-1.081320894,0.198049978,-2.222426289,-0.563099023,-0.874781379,-0.487846424,-1.615354791,0.140323081,-0.112168595,-0.080859567,-0.06466241,-1.038218195,-0.575931093,-0.048378989,-0.69291773,0.307303165,-1.581191726,0.290628476,-1.637566382,-2.349752626,-1.620756975,-1.466390697,-0.500906768,-0.227291256,-1.252256404,-0.565569571,-0.180877706,-0.799931572,-0.165038872,-0.642334896,0.097795357,0.430486781,-0.127647677,-0.135259269,0.4204059,-0.403076556,-0.796790437,-0.655053695,-0.527437311,125641.0102,65940.71941,20087.88377,1109540.409,2314107.637,101742.7587,1062.602164,65232.03108,694818.9875,277990.8655,1731479.212,22768.08795,31466.73307,872747.7087,214992.9731,1764316.539,4688.42083,12024.6483,357444.6754,240328.0276,36794.06766,0.062241287,20.03194268,0.85655211,7.98740653,2.142398434,5.796812408,0.255990035,0.027999399,0.052282932,0.030031546,0.109062041,4.347265573,0.028324876,0.003993357,0.062109844,0.031199927,4.620537205,0.011124649,0.049564361,3.244908159,5.302136699,98.38710484,3.109458953,54.18093215,33.16756216,174.6597526,1.520179933,432.2910159,131.6673747,422.9010371,4.383981007,207.6068974,39.75246782,199.8089466,30.76934835,0.642719228,57.32582462,17.49726468,2.768463395,26.58189863,0.192361297,0.349489668,0.021222793,0.396462729,0.178069502,1.293737064,0.720394078,0.092408449,0.023761934,0.055055748,0.211804396,0.024216768,0.107555665,1.721850381,0.053219722,0.750557067,48.64786806,1.717538214,67.19869722,604.6673433,0.072714536,3.32937303,8.988833625,2.09074606,0.199523643,5.320210158,16.19929947,8.08965324,1.853870403,0.478809107,1.164595447,1.292581436,1.581043783,0.508119089,0.2238,0.3547,0.0765,0.4457,1.4082,0.9637,1.9574,5.4455,6.9367,3.8721,0.3365,2.8619,15.6098,31.7261,28.1245,12.4743,1.2663,6.2680,11.9003,15.1567,6.7505,2.5845,0.0312,0.3538,0.7533,1.7440,4.1931,7.3045,3.8527,0.0277,0.0589,0.1670,0.6251,1.5114,1.4478,0.039125075,0.014898133,0.007651148,0.549998094,0.59993391,0.45233538,1.086155489,0.37007918,3.060451697,1.242884559,0.938780646,4.012475693,0.797450465,0.056842186,0.139431375,0.058034341,0.24179408,1.330633825
s34,-0.744659539,-0.399448901,0.015077641,0.114063249,0.832680601,0.243021503,1.512127492,1.116813564,1.272386899,1.204329144,1.331728289,0.277401644,1.903060561,0.792198431,2.721754545,-0.225971874,-0.232786709,-0.085309267,-0.420718488,-0.478643836,-0.649079613,-2.076043707,-0.754950653,-1.814031927,-1.444958752,-0.487534299,-1.573520627,-1.297091782,0.319009045,-0.749154805,-0.205935772,0.028076161,-0.371342021,0.15646785,-0.024999381,0.733519263,-0.049919756,0.232471885,0.401911399,-0.405268046,-0.737272335,-0.445223454,-0.454727728,132537.6796,45881.28178,23973.39034,727200.1223,1955558.268,56461.9261,1753.528621,56049.00891,579891.1976,189561.8565,2138306.143,25521.50375,59297.50383,1447944.599,302923.7322,1902306.362,5310.146359,16832.11406,388101.2708,277514.1308,64447.23069,0.065395172,21.43930375,0.689895034,11.0857481,2.474873413,4.985627523,0.216449578,0.04319216,0.07282176,0.045522941,0.251734453,7.479526896,0.048750487,0.003310355,0.070082991,0.038233696,6.469656422,0.007359936,0.030605135,4.693594031,6.909184461,62.38615899,2.149858503,40.40043736,19.40030872,169.3925907,1.336377669,513.4794186,143.0437355,458.4108567,3.777463339,216.6971958,33.16683818,188.1009776,28.11600778,0.433210917,54.28328653,21.76949665,1.887160654,32.80262116,0.182711825,0.3025067,0.021090135,0.333125973,0.174990356,1.163118318,0.721209098,0.095497392,0.030118377,0.067196781,0.20162064,0.024503497,0.091736634,1.492958173,0.05192956,0.87018317,41.88564845,1.537985166,36.28019262,359.1114596,0.062076579,2.637687515,6.115382289,1.481308977,0.197934309,4.753281515,11.25257077,6.977982095,1.165361118,0.210274014,0.727346963,2.020596419,2.898545246,0.3990594,0.0627,0.0707,0.0577,0.2710,0.5867,0.9214,1.5211,3.9157,4.1915,1.5726,0.3224,2.3026,12.2419,25.3112,21.4398,7.6502,1.6375,3.3570,6.9279,11.3487,5.9275,2.5014,0.0687,0.4736,0.7790,2.3217,5.8143,8.7434,6.2257,0.0403,0.1031,0.2822,0.8953,1.7278,1.7980,0.033138412,0.014295441,0.012308873,0.786246452,0.452704842,0.582846031,1.135534902,0.324609061,3.688719715,1.014371093,1.314953614,4.543484535,0.812010188,0.085730617,0.131119062,0.061507942,0.291117605,1.55312317
s35,-1.537579486,-0.698025001,-1.08018693,-1.427312049,-0.140378502,-1.448792174,0.935032995,-0.778291957,0.032446211,-0.264402084,0.602702553,-0.741302853,0.393653806,1.011686037,1.370082044,1.11419026,0.604443596,0.724241961,1.006006602,1.458645421,0.740220333,0.159923896,1.11207736,0.739861347,1.48692173,0.924113593,0.065307591,0.488857236,-0.368089938,-0.496165084,-0.30383839,-0.377221529,-0.191634604,-0.514655021,0.460475722,-0.59262965,-0.441081562,-0.087387287,0.420804368,0.583703665,-0.131891354,-0.198710572,-0.142611358,136682.4839,52970.39559,25995.47589,977456.816,2150613.54,95887.68374,1211.633766,83036.80696,966402.6263,278328.327,1658078.465,32839.33445,38977.23291,1052336.063,211402.6213,1568553.113,6473.381153,15108.73595,376444.591,203708.3328,36297.33745,0.04703974,13.20950274,0.438668226,8.804950443,1.400819456,3.610185273,0.176490663,0.028805258,0.048204674,0.026020371,0.076858259,2.850062671,0.029757428,0.005348585,0.045133293,0.01881379,2.59838426,0.012711052,0.040639976,5.196111711,8.760839377,97.51921,5.503163092,96.31630921,45.41891683,207.4732294,3.293473229,658.7077611,137.8055856,484.4815615,4.934732294,263.142262,50.77395464,216.7955562,20.73761076,0.276255333,35.52248113,12.50984575,1.741467017,13.63587135,0.26857522,0.289961134,0.031628064,0.424311941,0.182829336,1.17375212,0.72314806,0.08340127,0.020924574,0.060734561,0.190027491,0.020180954,0.076936202,1.174689544,0.040960175,0.568700561,60.08426321,2.531670496,93.47647618,858.4271008,0.305043647,6.085179935,14.79429978,4.443781243,0.635392574,12.95321943,26.81996568,21.19199682,4.138003929,1.316409262,0.840035813,3.928448855,7.097552787,1.662003532,0.1041,0.2680,0.0971,0.5159,0.9979,0.9225,2.8506,5.4874,5.4539,3.0741,0.4728,3.2961,18.1599,29.6691,27.5217,12.8008,2.3699,8.5431,13.9427,18.4371,5.7929,2.4713,0.0530,0.5103,1.1114,2.6872,5.7000,9.7208,6.4030,0.0581,0.1234,0.3502,1.2061,2.3488,2.9500,0.069829776,0.013332854,0.009304847,0.772610748,1.065768825,0.96876722,1.271891995,0.456075253,4.184497712,1.945653346,1.398805673,5.812193033,1.056691583,0.07969465,0.169745322,0.063025588,0.295470064,2.029852177
s36,-0.598408307,-1.816380364,-0.146715815,0.312862965,0.956601383,0.378970445,-1.86346123,-0.269782977,-1.204609247,0.221841199,0.729271462,1.389065716,1.042861256,-1.045588491,1.139129032,-0.134643256,0.366028902,0.698614001,0.300671752,0.835518881,0.197465979,0.224779501,0.429728066,0.683673992,1.223402188,0.589674322,-1.348950926,-0.753596989,-0.262151505,-1.314209943,-0.108353486,0.290412622,0.158451854,0.9628755,1.097303889,-0.677643261,-0.755369094,0.153383739,0.630380057,0.443802966,-0.243293146,0.419505757,0.51711418,190066.4149,50655.75019,37005.87116,774966.9535,2063858.19,48290.92703,2554.085889,95175.78674,827675.1573,222942.2921,2889570.012,29891.37281,93823.73668,2255835.643,387687.5588,1926992.204,9803.323925,27644.59861,443098.042,248949.8844,46844.19503,0.045824965,11.19215002,0.268974568,8.588161898,1.367557482,2.467555494,0.118221948,0.039420572,0.067420943,0.033304501,0.130757326,4.085189199,0.029248109,0.003524487,0.067064684,0.02135571,2.349202641,0.005198081,0.027773359,3.04833944,5.709254225,60.49734074,3.557735492,37.00650041,25.5199149,126.5757003,1.226568963,383.9633613,133.933223,324.4862309,3.313319939,133.5764094,25.70334476,124.7499114,16.31623787,0.304897314,39.72985782,13.83508237,1.401997292,13.21575265,0.147080657,0.184173112,0.016470807,0.196872535,0.103492673,0.79528809,0.509342295,0.048312157,0.024992875,0.029977199,0.083391329,0.013932248,0.058186355,0.932095206,0.034393165,0.478942554,28.40425412,1.240577748,41.21240236,467.686854,0.678891561,8.580272555,17.57384128,5.590037895,1.795747704,23.83799738,36.60924064,37.74755866,6.081147063,1.176340912,0.431897683,8.476989506,13.66721323,2.938893747,0.0578,0.1365,0.0647,0.3979,0.5520,0.6522,2.0486,4.8568,3.6962,2.0353,0.1853,2.8255,13.2951,27.5903,20.6494,7.4069,1.0194,5.1138,8.9643,9.8106,3.6858,2.3783,0.0600,0.3212,0.6902,1.6382,3.6608,4.8647,3.1229,0.0354,0.0955,0.1880,0.5529,0.9641,1.0383,0.040611356,0.007252491,0.009889958,0.558993565,0.712433955,0.801527956,0.759449659,0.237307058,2.656837291,0.828781054,0.867131415,2.801824374,0.541552535,0.046654377,0.11410774,0.055395447,0.192976421,1.178062512
s37,-0.87853322,-0.640218478,-0.478469059,-0.203459895,0.223123753,-0.038552171,-0.286042537,-0.866352049,-0.44405313,-0.141768832,0.917075404,1.117663616,0.608765757,-0.558717688,0.79773228,0.616171742,0.110178628,0.422116696,-0.160729685,0.354932803,-0.527799573,-3.100857938,-0.19454167,-0.629210445,-0.344724425,-0.157591202,-0.873382312,-1.024807713,-1.006235652,-0.985050217,-0.539479734,-0.239662229,0.284416128,0.417356227,0.712141456,-0.522939469,-0.50776133,0.31163788,0.669335863,0.841845277,-0.176973916,0.217242234,0.346892255,106715.1734,56112.20877,19859.4029,881267.907,2049809.682,83881.91312,1254.439947,73821.80137,968595.6557,277266.5309,1654558.781,23029.51894,55906.49618,1199394.955,235623.6123,1492712.453,5379.940804,17471.8683,352734.0929,195978.4035,40568.16306,0.052217216,12.97991992,0.526219056,8.156366413,1.579785238,4.583729195,0.197279335,0.029207584,0.040715617,0.028236071,0.130356457,4.318345297,0.031099139,0.004145551,0.046917859,0.030773157,3.748305214,0.011529479,0.039081416,4.427519198,9.698950008,130.7139947,5.220811785,94.20341639,60.77229274,156.8260461,2.169409184,666.5541451,157.5555556,470.4538474,4.514652876,204.8127253,42.84046388,229.4866008,16.62595654,0.152586471,34.92271197,11.17187022,2.282828283,19.3006581,0.264678318,0.288946841,0.032014892,0.633939046,0.203316441,0.978809007,0.670193852,0.063875372,0.025915592,0.058537412,0.224211477,0.023249829,0.072097846,1.384092922,0.042557846,0.643935121,53.18878176,1.956382002,54.09797435,409.5968426,0.053609429,2.636560812,7.180375948,2.290745894,0.229415616,4.706034812,13.30686965,9.714287663,1.981639112,0.277923283,0.675096852,1.148660446,1.955789273,0.460222622,0.0956,0.1840,0.0765,0.4401,0.9557,0.8485,2.1634,5.4134,5.7564,2.5582,0.2809,2.6238,15.0995,32.0134,28.1297,9.7086,1.6075,6.1211,11.0106,12.9630,5.3535,1.6118,0.0782,0.4210,0.8315,1.9175,4.0773,6.5329,3.2926,0.0447,0.0936,0.1783,0.6180,1.1989,1.0846,0.029400351,0.018304153,0.00747986,0.5762706,0.616055251,0.515761841,1.093078039,0.327133898,3.252715961,1.232340386,0.997392183,4.163390211,0.669331336,0.055827049,0.14181331,0.056437599,0.20506831,1.245218797
s38,-3.678138967,-2.000456817,-3.200773864,-2.940214959,-2.089936964,-2.889870432,1.505370424,-1.219421137,0.248274386,-2.32308848,-0.67254574,0.2634075,0.1075779,0.120146497,1.113133327,-0.487829085,-0.369307208,0.191323234,-0.599708374,0.244991308,-1.485137928,-4.152386219,-1.179390659,-1.809074539,-1.658872179,-0.985831625,-0.450116237,-0.285713513,-0.140900215,-0.569291678,-0.063847873,-0.266823203,-0.847946288,0.045041188,-0.414219113,0.094265525,-0.646353078,-0.207440695,-0.122292843,0.26055902,-0.484975377,-0.27410398,-0.483135367,163771.4711,63226.07919,29931.92203,849445.1731,1955622.384,78344.39852,1337.795301,89679.17885,928885.0109,300969.8045,1524447.94,21997.58196,43604.30092,942492.9341,204127.2895,1463369.542,10560.44888,39063.3763,583163.2114,200835.6722,62014.48402,0.047557626,11.05665693,0.449108967,8.632088158,1.49621833,3.055226439,0.145421785,0.035806104,0.064472961,0.028198818,0.094873541,2.584176756,0.025135687,0.006616274,0.057663319,0.025480674,3.657135951,0.022580149,0.035285328,4.809771435,7.254323376,61.94437054,5.063973878,59.9571895,34.40198331,111.5160237,1.204377797,384.0189866,88.66453017,327.0787278,4.296771073,183.8865643,40.28358931,131.619301,15.50291054,0.253982843,34.9285386,11.08861826,1.700367647,17.99502145,0.402942275,0.259570634,0.071959393,0.726357424,0.19767958,0.848944165,0.685040322,0.058417016,0.026647476,0.101298644,0.365279395,0.023219583,0.059113582,1.021281505,0.03849788,0.464180712,41.85003064,3.238434436,69.0162919,588.4387503,0.489028402,6.812501886,12.36998581,4.145392533,1.579713863,14.80411095,23.13997465,19.81991187,4.318598895,1.140125562,0.431393559,4.042875253,6.189656213,1.85632791,0.0815,0.1248,0.0806,0.5772,0.5972,0.8927,3.0841,5.7424,3.2844,1.9559,0.2625,2.7484,14.7874,26.3350,14.4551,7.3434,1.4742,10.1441,16.0849,12.6156,4.0519,1.3497,0.0872,0.4372,1.0838,1.9765,3.7877,5.9694,3.7133,0.0347,0.1063,0.2393,0.9092,1.6850,2.0944,0.040453228,0.010249781,0.008096077,0.597347116,1.135952179,0.821324107,0.950673949,0.36785143,3.931412835,1.863960913,1.202782161,3.799414997,0.753839594,0.102033389,0.192154871,0.055406936,0.239854102,1.587138073
s39,-0.030402554,-1.432141432,0.115580034,-0.996104942,-1.306695022,-0.178148077,-2.416201291,-1.493682116,-1.589451718,-0.03146471,-1.168981476,-0.924643705,-1.072613227,-0.411474835,-2.305107971,0.597849084,0.269130672,-9.893833362,0.948838045,0.7568805,1.462093391,-1.605842429,1.195020995,-1.375893223,1.841375554,1.151351216,-0.972080806,-0.385723355,0.597782116,-0.114154315,0.206174021,-0.259186681,-0.54025353,-0.09055742,-0.717321498,0.449172501,-0.066425743,0.050073762,-0.308836161,-0.283423385,-0.01011919,-0.380479314,-0.518263077,103544.1356,44033.45886,21860.64979,689621.6852,1780504.967,60761.6218,1186.377025,65533.37576,788554.0109,182146.3367,1636935.313,25200.42134,59035.62143,1340552.58,224649.6998,1587738.613,5964.786368,14522.92078,420426.9739,214258.3274,37606.12286,0.049372797,14.88974402,0.427385246,10.53775182,1.466125603,2.731239195,0.15969423,0.035262414,0.053597786,0.028035696,0.11676048,3.291589743,0.029371804,0.005337661,0.052103693,0.020411756,3.07713766,0.009294075,0.038401816,4.035290584,10.09385794,72.90929569,3.618561346,61.5907794,38.86048956,162.64349,2.009310707,600.9680132,129.7454573,425.422586,4.379936927,235.4625319,39.98618411,193.3428443,17.85729251,0.264867043,39.56599517,11.88879936,1.063255439,16.58452861,0.259841382,0.295844073,0.027268337,0.442026009,0.154160216,0.968637576,0.637808693,0.071565277,0.021973558,0.061968773,0.230941279,0.015974614,0.06716199,1.192218977,0.037884977,0.474794506,51.67614827,1.891700242,50.93005357,560.2800109,0.367595103,6.643891217,16.89557144,4.937737244,0.798521075,12.01662969,29.87394627,19.38184208,5.166576288,0.957209761,0.593361269,7.224714485,12.05406294,2.773527237,0.0502,0.0974,0.1277,0.3557,0.5475,0.9105,2.8826,4.5172,3.7140,2.3635,0.3846,3.4350,19.4008,29.3850,20.4992,10.8880,1.7595,6.2866,10.1216,13.0732,8.0941,3.3715,0.0889,0.5848,1.2060,3.3762,6.7067,10.0978,8.7070,0.0508,0.1882,0.4886,1.2238,2.2280,3.0434,0.042050996,0.010685127,0.004191857,0.539496155,0.795685766,0.748757968,0.792489361,0.242298946,3.094967488,1.30044841,1.316898482,3.191448702,0.581095088,0.058601527,0.184651774,0.049633327,0.302587718,1.157427533
s40,-2.943318137,-1.355053149,-3.397340952,-2.984212808,-1.925833281,-2.743663517,0.106402776,-1.712142793,-0.74029896,-2.4295634,-1.237621465,-0.682408384,-1.063029942,-0.575542874,0.265425922,0.649552756,0.206029251,0.488759856,1.091524405,0.987599504,1.881804784,-0.480929331,1.712290383,0.951606736,2.13654959,1.28827211,-0.780021545,-0.385723355,-0.813638021,-1.054220099,0.119704564,-0.175530005,0.595889807,0.156661325,0.819371897,0.086579385,-0.222582692,0.115825002,0.635281025,0.04839697,-0.50367274,0.112694883,0.155368317,104748.5091,48812.12325,19178.4339,952573.1615,1920225.001,88937.49101,1027.370181,69196.53535,776547.0063,217753.852,1405135.734,19381.26154,44858.38686,1052951.572,193836.6013,1418970.749,5447.731726,15686.60029,374381.0251,193252.2912,32212.56478,0.05375275,15.56304141,0.613834732,8.639146972,1.642746592,4.875793206,0.222268862,0.033461216,0.047763546,0.026278392,0.124363911,4.106436166,0.026988936,0.004795584,0.045817172,0.025570194,3.9217417,0.010320472,0.052908539,3.434605925,6.297294407,88.42883114,3.379959363,62.91070474,35.30841621,140.2322746,1.666345845,511.4726767,116.5990803,390.010801,3.543257406,209.2229708,31.30285531,161.0515453,19.83814808,0.522001148,52.36674957,13.60646642,2.302372298,22.00191314,0.315078066,0.367677061,0.023337726,0.510341577,0.205630883,1.408365656,0.801010238,0.090640052,0.031226403,0.071992383,0.259529024,0.019747487,0.085176135,1.453392553,0.043786377,0.636790218,84.89142912,2.692557873,57.0640681,560.1337114,0.202878798,5.167823705,11.47390612,4.178969492,0.416521241,8.515393924,25.6507611,16.60413986,3.865881154,0.958473983,0.714018215,3.184001019,6.603961531,1.358766958,0.1249,0.1975,0.0423,0.3950,0.9202,0.7431,1.5468,4.9366,5.1800,2.7153,0.2890,2.1652,12.0584,29.6696,23.8394,10.7880,1.1439,3.9947,10.0045,12.8683,7.3362,1.6616,0.0317,0.2985,0.6309,1.7965,4.3795,7.5558,4.2724,0.0217,0.0842,0.2167,0.7547,1.4304,1.5769,0.050611028,0.015513519,0.011735758,0.703572256,0.913928628,0.846334443,1.323863013,0.370909712,3.835562182,1.714341468,1.543177466,5.862122376,0.84567585,0.086659837,0.187955069,0.07072555,0.424816753,1.913959118
s43,-1.750491675,-0.640883443,-1.858429632,-0.971374635,-0.883605193,-1.319241708,2.48939583,-0.072178835,1.322748578,0.226123555,0.937559304,1.445900849,1.351336841,0.804091808,2.090502374,0.03314877,-0.172207082,0.277987639,0.152016063,0.615730112,0.132711804,-3.867066859,0.565576295,-0.559096649,0.887666441,0.033165793,-0.873382312,-0.396733919,0.672437534,0.223451683,1.228555168,0.785173433,1.212265022,0.640354084,0.539140571,0.899018752,0.617314845,0.573862346,0.000392648,0.849443285,0.585885718,0.459131471,0.507643252,101731.863,41422.52055,18072.73781,603043.6095,1800098.426,57240.4676,1401.349626,57768.28543,614209.4343,199288.5767,1604986.029,26296.82569,40912.62978,1177122.353,243706.1517,1452339.27,4769.987452,14054.81091,360629.7512,216958.9345,42888.98454,0.05777881,18.51697021,0.614898266,11.28858434,2.125976631,4.467732764,0.233479238,0.035694669,0.061047757,0.041155818,0.142790775,5.744107549,0.057268264,0.003300402,0.062214028,0.035518035,4.683154158,0.008306657,0.043302047,5.421424783,7.240056567,104.0715927,3.877143362,70.09192151,36.73678628,204.53067,3.504861234,636.0631077,189.6651936,568.2158388,6.136468093,280.752519,47.12232632,270.9119675,18.50680473,0.391568047,38.63690828,14.56131657,1.329659763,22.46176036,0.25279288,0.347326166,0.019151526,0.431745317,0.19901859,1.301340728,0.918482009,0.092135413,0.029067249,0.076475442,0.238671806,0.024598157,0.089725442,1.503480666,0.054180791,0.726990948,50.86752959,1.67714497,53.96195848,556.7860475,0.223878881,4.420680143,9.629928242,2.150905598,0.376672852,7.189099985,23.09661899,13.44007291,2.830456986,0.682835515,0.948045124,2.265882855,4.336770719,1.027192565,0.0371,0.0749,0.0655,0.3505,0.3528,0.6771,1.8390,3.8301,2.8914,1.7705,0.2267,2.4285,12.2979,24.2442,21.4017,7.8221,0.9204,4.5303,8.2059,11.6766,3.7156,1.7372,0.0552,0.2681,0.7193,1.9476,4.2819,6.1297,4.2920,0.0321,0.0883,0.2416,0.7438,1.4327,1.4533,0.030140736,0.01176412,0.006580143,0.546069709,0.49540709,0.50938616,0.938113311,0.322220425,3.198559038,1.326844443,1.056135286,4.642039247,0.712546819,0.065301196,0.144897527,0.054863557,0.24366935,1.627923298
s44,-0.913194664,-0.753934,-0.449047498,-0.295081853,-0.933057459,0.062933545,-1.235814614,-0.817765181,-1.476209943,-2.129180644,-1.933735666,0.281981387,-0.22501814,0.955839882,-0.746197895,1.539038204,1.186464487,1.093017104,1.623440076,1.919788502,1.24249419,0.97581299,1.111361806,0.84906254,1.217340398,0.912527828,-0.238412242,0.420848316,2.203642007,2.31470109,-0.77771542,0.56488441,-0.432403653,0.047037695,-0.659416492,0.77146902,1.737920058,0.850762838,-0.874251712,-0.020065237,0.957837816,0.799116292,0.666687661,120637.4882,43714.63222,19539.04416,787762.1716,1780239.323,65903.03746,1210.337382,58675.06434,685260.0014,191234.3034,1612549.689,27839.65428,41626.69181,1115517.616,211619.6914,1491823.508,4391.9039,11705.22931,379596.7914,212928.2437,43165.57569,0.053475268,17.92054275,0.556493139,9.182824068,1.935445843,4.362738718,0.216360164,0.029138964,0.05108219,0.031994153,0.131456595,4.876300278,0.053779412,0.006118263,0.051176498,0.03040034,4.599596831,0.012535955,0.040375819,5.43968606,9.493089916,126.5592902,4.276915202,84.31411022,47.07097765,240.5473469,3.603310015,768.8734004,228.5606552,713.2352841,5.173861116,310.5284081,55.758403,286.3211056,22.04405547,0.330542872,51.88669034,15.98317267,1.610180957,25.35210553,0.252652426,0.413464894,0.022056396,0.49207573,0.212863677,1.490262649,0.95105154,0.118239261,0.02510256,0.071358514,0.279782619,0.025321828,0.106858584,1.822605743,0.0582237,0.778599047,62.83874514,1.980720446,77.98265847,830.2389655,0.140057576,3.133850121,10.06508831,2.124374007,0.243875011,5.880768885,16.84257954,10.6019432,2.614732959,0.539958617,1.038759109,1.78002519,3.198743515,0.698068792,0.0492,0.1702,0.0614,0.3516,0.7923,0.9901,1.5701,4.2969,5.1143,2.6819,0.2343,2.6174,14.5226,31.6597,32.9768,12.1242,1.1931,4.9152,9.8409,16.2129,6.3857,2.2404,0.0304,0.3275,0.6787,2.1556,5.3334,9.7471,5.7096,0.0222,0.0597,0.2338,0.8321,1.7314,1.9668,0.035977654,0.016892647,0.007096482,0.711559716,0.749110675,0.588618451,1.198921939,0.350653782,4.266821682,2.040643213,1.45986713,5.545411445,0.971466103,0.095563944,0.208567115,0.080733806,0.285761739,1.963276461
s45,-2.168377824,-1.489930185,-2.633830376,-1.238823118,-1.174295796,-1.424535191,0.004905172,-1.246853366,-0.66368326,-1.188409215,-0.08806079,0.164771224,-0.321784049,1.300408971,0.715864044,1.813945811,0.985576525,1.053417819,1.290026308,1.653864752,0.834022092,-2.41658209,1.042880845,0.630398186,1.06777935,0.882204199,-1.573520627,-1.36088122,-0.691816765,-0.385196019,-0.053941054,-0.104353676,-0.410114356,-0.730781853,-0.032217923,-0.828203769,-0.669557408,-0.093644591,0.197779777,-0.348806302,-0.020444237,-0.551749491,-0.329870773,125761.6542,57360.34658,20365.13667,1001818.468,2281324.776,86661.76007,1202.704134,71170.08278,903809.7064,240037.4422,1929627.813,30517.82475,51290.07585,1243876.046,248653.2029,1891247.671,5999.941649,14659.38579,391573.8076,258181.9606,46737.19666,0.052645063,16.63446258,0.588068275,8.83254324,1.713210578,4.212335087,0.206382901,0.028395202,0.048576773,0.032748581,0.116947935,4.238106704,0.034813546,0.004114521,0.055262869,0.026655777,4.006322031,0.009092012,0.038741219,2.922628053,5.445753188,68.86135725,2.178409337,56.67592392,25.34039334,130.0471148,2.148692457,436.6318349,110.0980117,371.5727253,3.279446726,161.6269721,31.87065053,163.0689432,22.22813264,0.279371728,42.23176265,14.49019197,1.667225131,24.02673647,0.188580278,0.269643659,0.022504657,0.339975767,0.145445229,0.962013881,0.586459836,0.075571574,0.018783096,0.047661793,0.176556477,0.017920125,0.087601153,1.540639561,0.043622396,0.585049804,44.60900524,1.412495637,36.27690032,347.5432409,0.193163086,3.912334179,9.448376462,2.855137497,0.500457887,7.596378764,18.48419634,15.64064994,2.900010466,0.511093959,0.740717968,1.921348021,4.085899683,0.807477956,0.0999,0.2352,0.1230,0.5588,0.9545,0.9027,3.2446,5.3688,4.9014,2.7525,0.5592,3.3920,17.4349,26.6719,23.0300,10.4978,3.6722,9.9284,11.8362,13.0288,4.7819,2.4530,0.1078,0.8468,1.1157,2.0120,4.2505,5.9631,3.9595,0.0481,0.0841,0.2185,0.6854,1.2273,1.3795,0.0357419,0.014994683,0.007131147,0.640581103,0.713731483,0.700668673,1.086505692,0.310142555,3.078508377,1.204118606,0.931216739,3.837434782,0.624312111,0.065670044,0.157631235,0.04603388,0.209447126,1.31219687
s46,-0.850678836,-1.389441159,-0.356955342,0.00015855,-0.460423806,0.412128162,0.570807646,0.700460964,0.521237418,0.428329711,-0.281887407,1.685568409,1.296543003,-0.229009517,1.934670996,-0.052109259,-0.132175589,0.324922307,0.371164366,0.819332338,-0.008578618,-0.857534282,0.050514247,-0.8206026,0.28451581,-0.17313748,-0.720472418,-0.264903232,-4.125753648,-0.04359112,-0.070790779,-0.262927301,-0.08306535,-0.33325616,-0.550473005,0.191571497,-0.210040145,-7.416909009,-0.394331092,-3.396382589,0.966923922,-0.070852623,-0.12632832,132316.8794,44123.47184,27161.78178,768542.8573,1903878.227,64054.94044,1697.272068,62616.45486,693385.3932,197287.3038,1858947.787,28960.062,56282.3942,1300998.918,284332.4294,1721025.272,6066.553622,13067.24504,398994.4799,258216.0734,61463.20616,0.075518603,22.40897588,0.761779198,14.50785846,2.490484214,4.319603773,0.238834861,0.041974847,0.093706641,0.046358249,0.184716949,5.283695146,0.055575505,0.003314642,0.078064079,0.032613107,5.248419702,0.01145039,0.051019996,5.608598835,9.977389517,95.11236725,5.300445358,63.09403905,37.18568003,203.8064406,3.290167866,688.6308667,193.6860226,645.1457691,5.288112367,276.4059609,44.51164782,239.1625557,32.85244698,0.963621533,84.12854812,25.11672104,2.092577488,29.55489396,0.146016373,0.269867138,0.019505396,0.308897053,0.151972106,1.026638251,0.647509025,0.083688347,0.021781025,0.061820206,0.186656864,0.019437403,0.108240074,1.779113078,0.058977263,0.747262764,39.4276509,1.452854812,58.84880575,593.9882093,0.210474267,4.668319521,10.31789122,2.04868027,0.502945888,7.50138589,19.56558256,12.57036005,3.199986071,0.71652622,0.634083153,3.275269866,6.560777213,1.393968939,0.0551,0.0748,0.0962,0.4202,0.7352,0.7415,2.5252,4.8587,4.7374,2.0936,0.3567,3.4981,18.2669,35.0228,27.8914,10.0701,2.1885,6.5040,10.9490,15.7845,9.4259,3.1531,0.0933,0.6079,1.1217,3.2023,6.8392,12.1243,7.6886,0.0376,0.1618,0.4051,1.3428,2.5616,2.6408,0.05235283,0.019983376,0.01034166,0.767729705,0.843982676,0.930454817,1.215048777,0.401073246,3.67092757,1.480047246,1.684626041,5.108467854,0.871881243,0.080543039,0.173402161,0.066870817,0.350718171,1.829668839
s48,-2.568452142,-2.024178771,-2.328759702,-1.590819178,0.000638845,-1.390117494,0.359660256,-0.461788729,0.098372399,-1.23283838,-1.606997942,0.58230765,0.851592017,-2.139489559,1.707545991,1.175606772,2.335222688,1.915697231,0.39975643,-0.03667625,-0.09018724,2.495262722,1.544830615,3.005396512,0.757804416,0.955720875,-1.150254552,-0.838551585,-0.318276938,-0.938948511,0.447050616,-0.481829183,-0.283086892,-0.624191791,-0.346111213,-0.547634668,-0.633670352,-0.198976684,-0.347617367,-0.041309502,-0.370596129,-0.649955859,-0.000933319,148440.4028,60112.86415,26399.90826,880136.9469,2309391.319,96476.78472,1722.407043,78134.40173,846371.4271,249591.9681,2192999.065,40928.60781,46478.7437,1378748.142,262000.8748,2011318.072,5732.442469,16265.9323,472789.2063,287131.2341,62116.25032,0.044501022,13.63163887,0.468478824,7.164908016,1.422134651,3.626733559,0.172743696,0.019128869,0.036511594,0.025509429,0.098256236,4.099813855,0.03735538,0.004665533,0.033037612,0.027312313,3.829077491,0.009506779,0.033903362,3.465679361,4.741772449,60.38281617,3.238716502,37.95568876,29.40409027,144.84685,2.602844382,437.3774095,123.3560179,441.3454396,3.896567936,174.4894217,36.53514339,193.7709215,18.79077711,0.192641617,35.85311699,12.02853686,1.557856533,24.98092798,0.183804432,0.307553624,0.017900711,0.363772474,0.186883061,1.237274113,0.763507441,0.104651439,0.019780469,0.057860664,0.209703723,0.018257627,0.110093036,1.844525549,0.054350074,0.663098727,54.5362226,1.39695417,46.12707404,448.8436083,0.187509526,4.063347813,11.77613931,2.602404359,0.304622009,6.124523701,16.87524768,14.60002286,2.483805822,0.483729614,1.170896205,2.124237921,3.176630849,0.750057156,0.0971,0.1912,0.0919,0.2804,0.7105,0.7186,2.1371,3.7409,4.5858,2.6539,0.2828,3.4647,16.2439,24.3161,24.7648,10.3535,0.9660,5.9041,8.1784,12.9285,5.5952,2.0939,0.0418,0.3019,0.8542,2.0293,4.9085,7.6871,4.4936,0.0107,0.0966,0.2395,0.7045,1.6318,1.4788,0.046291997,0.018504349,0.009158797,0.661407254,0.676132399,0.555262742,0.988620889,0.339674371,3.058135403,1.589975903,1.249800924,4.51698307,0.763803689,0.078976788,0.167187593,0.048455247,0.290661451,1.655392173